burntseason,#e1b670,#b96925,#68392e,#201300,#404e21,#45944f,#77d3b2,#96bfff,#038ac2,#01515e,#001437,#503e66,#a762a9,#efa3c8,#ffffff,#000000
postofficeflourescent,#141520,#3b3f4b,#6f7e8f,#a1aeba,#fefffb,#022e6b,#33455c,#61aad9,#6f5035,#bb9b7f,#e3d3a9,#f4f4ca,#c7cda5,#a64323,#d36a5d,#538670
potshelf,#1a1515,#433224,#6f4e20,#b98f55,#eadec3,#f0944a,#c7691e,#75381a,#38180f,#193223,#3e7850,#7a9e7d,#b6e2a0,#8bcfd0,#367787,#2a546f
lostcenturypalette,#d1b187,#c77b58,#ae5d40,#79444a,#4b3d44,#ba9158,#927441,#4d4539,#77743b,#b3a555,#d2c9a5,#8caba1,#4b726e,#574852,#847875,#ab9b8e
sweetie16,#1a1c2c,#5d275d,#b13e53,#ef7d57,#ffcd75,#a7f070,#38b764,#257179,#29366f,#3b5dc9,#41a6f6,#73eff7,#f4f4f4,#94b0c2,#566c86,#333c57
steamlords,#213b25,#3a604a,#4f7754,#a19f7c,#77744f,#775c4f,#603b3a,#3b2137,#170e19,#2f213b,#433a60,#4f5277,#65738c,#7c94a1,#a0b9ba,#c0d1cc
pico8,#000000,#1D2B53,#7E2553,#008751,#AB5236,#5F574F,#C2C3C7,#FFF1E8,#FF004D,#FFA300,#FFEC27,#00E436,#29ADFF,#83769C,#FF77A8,#FFCCAA
na16,#8c8fae,#584563,#3e2137,#9a6348,#d79b7d,#f5edba,#c0c741,#647d34,#e4943a,#9d303b,#d26471,#70377f,#7ec4c1,#34859d,#17434b,#1f0e1c
vanillamilkpallete,#28282e,#6c5671,#d9c8bf,#f98284,#b0a9e4,#accce4,#b3e3da,#feaae4,#87a889,#b0eb93,#e9f59d,#ffe6c6,#dea38b,#ffc384,#fff7a0,#fff7e4
islandjoy16,#ffffff,#6df7c1,#11adc1,#606c81,#393457,#1e8875,#5bb361,#a1e55a,#f7e476,#f99252,#cb4d68,#6a3771,#c92464,#f48cb6,#f7b69e,#9b9c82
fading16palette,#ddcf99,#cca87b,#b97a60,#9c524e,#774251,#4b3d44,#4e5463,#5b7d73,#8e9f7d,#645355,#8c7c79,#a99c8d,#7d7b62,#aaa25d,#846d59,#a88a5e
bubblegum16,#16171a,#7f0622,#d62411,#ff8426,#ffd100,#fafdff,#ff80a4,#ff2674,#94216a,#430067,#234975,#68aed4,#bfff3c,#10d275,#007899,#002859
cretaceous16,#313432,#323e42,#454b4b,#3a5f3b,#7c4545,#675239,#625055,#516b43,#796c64,#718245,#9e805c,#998579,#ac9086,#a6a296,#b4ab8f,#bcb7a5
edg16,#e4a672,#b86f50,#743f39,#3f2832,#9e2835,#e53b44,#fb922b,#ffe762,#63c64d,#327345,#193d3f,#4f6781,#afbfd2,#ffffff,#2ce8f4,#0484d1
galaxyflame,#699fad,#3a708e,#2b454f,#111215,#151d1a,#1d3230,#314e3f,#4f5d42,#9a9f87,#ede6cb,#f5d893,#e8b26f,#b6834c,#704d2b,#40231e,#151015
antiquity16,#202020,#2d211e,#452923,#6d3d29,#b16b4a,#e89f6e,#e8be82,#5d7557,#8e9257,#707b88,#8aa7ac,#e55d4d,#f1866c,#d26730,#de9a28,#e8d8a5
parchmentandink,#f1e2be,#e6d1a1,#f0d696,#caac77,#a58a62,#886243,#c0977a,#944431,#d2bc76,#ad9d62,#887c56,#594a45,#a9a994,#87867a,#445162,#000000
microsoftwindows,#000000,#7e7e7e,#bebebe,#ffffff,#7e0000,#fe0000,#047e00,#06ff04,#7e7e00,#ffff04,#00007e,#0000ff,#7e007e,#fe00ff,#047e7e,#06ffff
c64,#000000,#626262,#898989,#adadad,#ffffff,#9f4e44,#cb7e75,#6d5412,#a1683c,#c9d487,#9ae29b,#5cab5e,#6abfc6,#887ecb,#50459b,#a057a3
summerspast16,#320011,#5f3a60,#876672,#b7a39d,#ece8c2,#6db7c3,#5e80b2,#627057,#8da24e,#d2cb3e,#f7d554,#e8bf92,#e78c5b,#c66f5e,#c33846,#933942
db16,#140c1c,#442434,#30346d,#4e4a4e,#854c30,#346524,#d04648,#757161,#597dce,#d27d2c,#8595a1,#6daa2c,#d2aa99,#6dc2ca,#dad45e,#deeed6
forest16,#64988e,#3d7085,#0f2c2e,#345644,#6b7f5c,#b0b17c,#e1c584,#c89660,#ad5f52,#913636,#692f11,#89542f,#796e63,#a17d5e,#b4a18f,#ecddba
ds16,#000000,#001418,#002024,#002c38,#143444,#443444,#583c48,#6c4c44,#806058,#6c706c,#888078,#a49484,#c4ac9c,#d8b0a8,#ecd4d0,#fcfcfc
goline,#430067,#94216a,#ff004d,#ff8426,#ffdd34,#50e112,#3fa66f,#365987,#000000,#0033ff,#29adff,#00ffcc,#fff1e8,#c2c3c7,#ab5236,#5f574f
miyazaki16,#232228,#284261,#5f5854,#878573,#b8b095,#c3d5c7,#ebecdc,#2485a6,#54bad2,#754d45,#c65046,#e6928a,#1e7453,#55a058,#a1bf41,#e3c054
nannerjam,#352b40,#653d48,#933f45,#b25e46,#cc925e,#dacb80,#f0e9c9,#76c379,#508d76,#535c89,#7b99c8,#99d4e6,#be7979,#d8b1a1,#7d6e6e,#c2b5a9
pastelhorizon,#53437f,#a89fcc,#ffffff,#ffd9e8,#ff9bb6,#9968e2,#be9bff,#7fceff,#6d81ff,#2c6f99,#00bcaa,#c48f9e,#8e586f,#ff5470,#ff9b71,#ffd9ae
woodspark,#f5eeb0,#fabf61,#e08d51,#8a5865,#452b3f,#2c5e3b,#609c4f,#c6cc54,#78c2d6,#5479b0,#56546e,#839fa6,#e0d3c8,#f05b5b,#8f325f,#eb6c98
shidoneon,#00033c,#005260,#009d4a,#0aff52,#003884,#008ac5,#00f7ff,#ff5cff,#ac29ce,#600088,#b10585,#ff004e,#2a2e79,#4e6ea8,#add4fa,#ffffff
cardboardpaint,#d2b2a0,#b18979,#6f544c,#3e2a2e,#8f3641,#b9684f,#d2a865,#75a165,#457c60,#32554f,#518183,#85a7b6,#575777,#4d3956,#854865,#be7a80
16bital,#212b5e,#636fb2,#adc4ff,#ffffff,#ffccd7,#ff7fbd,#872450,#e52d40,#ef604a,#ffd877,#00cc8b,#005a75,#513ae8,#19baff,#7731a5,#b97cff
cga,#000000,#555555,#aaaaaa,#ffffff,#0000aa,#5555ff,#00aa00,#55ff55,#00aaaa,#55ffff,#aa0000,#ff5555,#aa00aa,#ff55ff,#aa5500,#ffff55
nanner16,#7acccc,#627db3,#554080,#592858,#804055,#b37d62,#ccc97a,#70b362,#40806a,#274457,#cccccc,#999491,#665c5f,#332b33,#804e46,#4d2a2a
taffy16,#222533,#6275ba,#a3c0e6,#fafffc,#ffab7b,#ff6c7a,#dc435b,#3f48c2,#448de7,#2bdb72,#a7f547,#ffeb33,#f58931,#db4b3d,#a63d57,#36354d
pastelpop16,#000000,#fffcff,#e6e1f2,#b2b7e1,#595b7d,#7b8ac6,#ffd9f4,#e1adc3,#ad80a6,#fba2d7,#fae0c7,#f0abab,#97c4aa,#bfedf5,#73c9eb,#caaff5
punolite,#64c224,#0fa10d,#097938,#0b6457,#0a5058,#0a4158,#0a2e58,#091837,#281961,#552067,#702763,#863453,#a14b4b,#b67a5b,#c8a26e,#e1d483
daylight16,#f2d3ac,#e7a76c,#c28462,#905b54,#513a3d,#7a6977,#878c87,#b5c69a,#272223,#606b31,#b19e3f,#f8c65c,#d58b39,#996336,#6a422c,#b55b39
urbex16,#cbd1be,#8f9389,#52534c,#26201d,#e0a46e,#91a47a,#5d7643,#4d533a,#a93130,#7a1338,#834664,#917692,#160712,#593084,#3870be,#579fb4
shiny16,#1f1723,#3c2f52,#8c7f90,#bcb0b3,#e2e2e2,#d86830,#f09548,#efd081,#b22741,#f5464c,#f79c88,#4656a5,#4995f3,#72deeb,#3ec54b,#b4e656
aragon16,#f9f8dd,#d2e291,#a8d455,#9cab6c,#5c8d58,#3b473c,#8b8893,#54555c,#e0bf7a,#ba9572,#876661,#272120,#b7c4d0,#8daad6,#9197b6,#6b72d4
sotspalette,#92503f,#703a28,#56452b,#403521,#cfbc95,#949576,#81784d,#605f33,#7a7e67,#93a399,#51675a,#2f4845,#425961,#467e73,#01141a,#203633
colorquest,#99d4aa,#498e86,#324859,#437a4d,#7dbe58,#eadb77,#dc8254,#c13d37,#61363d,#b06163,#e6af89,#fff9e5,#c1a68c,#8b6962,#0d0b0d,#9d5745
outrunner16,#4d004c,#8f0076,#c70083,#f50078,#ff4764,#ff9393,#ffd5cc,#fff3f0,#000221,#000769,#00228f,#0050c7,#008bf5,#00bbff,#47edff,#93fff8
systemmini16,#000000,#68605c,#b0b0b8,#fcfcfc,#1c38ac,#7070fc,#a82814,#fc4848,#208800,#70f828,#b82cd0,#fc74ec,#ac581c,#f8a850,#3cd4e4,#f8ec20
anb16,#0a080d,#697594,#dfe9f5,#f7aaa8,#d4689a,#782c96,#e83562,#f2825c,#ffc76e,#88c44d,#3f9e59,#373461,#4854a8,#7199d9,#9e5252,#4d2536
corruption16,#e1d8cb,#c3b197,#a68a64,#614f38,#362c20,#82998f,#525e5a,#3a4040,#222326,#0a0d0a,#20331f,#495840,#888f72,#c7c7a5,#de8d7d,#833121
magicolor16,#1d1819,#482632,#273635,#4d3d2f,#933633,#316436,#825c3a,#b95358,#c77331,#617a6f,#7fa533,#ca9864,#afaa94,#7dcfa8,#e7dc58,#f7f6db
c64,#000000,#4a4a4a,#7b7b7b,#b2b2b2,#ffffff,#813338,#c46c71,#553800,#8e5029,#edf171,#a9ff9f,#56ac4d,#75cec8,#706deb,#2e2c9b,#8e3c97
herbsnspices,#593a31,#39202e,#613140,#83443e,#c98d3f,#dac282,#9a945c,#6b6657,#384150,#6e7e8d,#90b5c6,#f5efe8,#ab99a4,#55516f,#463554,#17111a
trixbit,#0f0d0f,#d01f6c,#732050,#b54e35,#f79831,#86bd28,#184a4a,#1e1a4f,#2da1c4,#7d4582,#dca8c9,#f7e0b2,#e37f8f,#f7f1e4,#b5a9a3,#5f5666
retrobubble,#9dc1c0,#525b80,#312139,#120e1f,#284646,#62ab46,#95533d,#6a2435,#654147,#fff169,#d7793f,#ab3229,#9e8f84,#ffface,#e0b56d,#f68b69
flowers,#613832,#8b5851,#bf8f75,#ffdeb2,#ffa5a5,#ff8db5,#b87ca4,#856082,#5a4a60,#73628b,#887fce,#8cc1d4,#8bf0c4,#78bab4,#527378,#2f4447
arq16,#ffffff,#ffd19d,#aeb5bd,#4d80c9,#e93841,#100820,#511e43,#054494,#f1892d,#823e2c,#ffa9a9,#5ae150,#ffe947,#7d3ebf,#eb6c82,#1e8a4c
graveyardmist,#0b0d0a,#383730,#665f57,#82857b,#b1b8a9,#dee6b8,#95bdb2,#5a7b85,#273245,#477a5a,#81ba78,#d4ea92,#b59766,#8f5450,#66403c,#40292f
bloom16,#ff9072,#ffc567,#fce39a,#f7f7c7,#afe48d,#61d868,#29ab7d,#2b75b7,#00408f,#092867,#110f3e,#371a77,#6f2a8f,#ab2aa3,#d64d9a,#ff718c
o16,#f9fff2,#f5d678,#6be0bf,#bab197,#96d45b,#f56c77,#e0864a,#59909e,#579460,#9e4891,#6e6660,#505273,#ab3737,#693c36,#3a363d,#202026
rgrproto16,#fff9b3,#b9c5cc,#4774b3,#144b66,#8fb347,#2e994e,#f29066,#e65050,#707d7c,#293c40,#170b1a,#0a010d,#570932,#871e2e,#ffbf40,#cc1424
kitchen16,#120e23,#5a265e,#8d2d4e,#ba6156,#f2a65e,#ffce95,#10d275,#007899,#473b78,#323e4f,#636686,#8c88a5,#e2d9ea,#fffff5,#eacebd,#b48894
peachypop16,#fdffff,#ff8686,#fb4771,#ce186a,#8f0b5f,#53034b,#ad6dea,#9fb9ff,#567feb,#0a547b,#278c7f,#0ce7a7,#acfcad,#ffec6d,#ffa763,#ff4040
mystic16,#160d13,#31293e,#4d6660,#95b666,#ef9e4e,#ad4030,#56212a,#904b41,#a69998,#5f575e,#8eb89e,#f6f2c3,#e79b7c,#9b4c63,#432142,#d1935f
muddygrass16,#100a0a,#333025,#585e53,#a5a589,#eae5d1,#dec666,#97ab50,#516b38,#25150f,#522732,#9c323c,#c4663d,#e48d80,#6392af,#2c3c6a,#2c1d34
sara98a,#b61030,#e24050,#ee7175,#f69d9d,#fffff2,#ead6aa,#daa56d,#ca713c,#ae4c30,#7d1818,#551008,#713410,#657150,#71958d,#a5baae,#1c0810
atepalette,#f8b888,#f88e89,#e86878,#985898,#162432,#488888,#48bd68,#d8e888,#e8f8f8,#a8b8f8,#8484f8,#484888,#4868e8,#68a8e8,#f8b8c8,#f889c8
peregrine16,#383131,#634157,#91837d,#c2b695,#dbd09a,#e6e1ca,#cc9c66,#b7577a,#8a5080,#c291a2,#d6b8a7,#b0c2b5,#969e61,#538778,#295868,#343e61
blankvhsbox,#fef6dd,#f3e46d,#bf98ac,#b1739a,#ed7275,#eb5b2b,#e1202d,#e67216,#edd600,#0e8743,#a0c5c6,#0a5c9f,#392874,#c33479,#86215f,#212425
grayscale16,#000000,#181818,#282828,#383838,#474747,#565656,#646464,#717171,#7e7e7e,#8c8c8c,#9b9b9b,#ababab,#bdbdbd,#d1d1d1,#e7e7e7,#ffffff
jonk16,#242e36,#455951,#798766,#b7bca2,#d6d6d6,#f4f0ea,#6988a1,#a1b0be,#595b7c,#95819d,#c9a5a9,#f4dec2,#704f4f,#b7635b,#e39669,#ebc790
console16,#ff032b,#800034,#ffff0d,#ff8f00,#0aff0a,#007062,#0dffff,#3c80db,#2929ff,#2d006e,#ff08ff,#6e0085,#260a34,#000000,#ffffff,#7d7da3
reha16,#010e05,#122303,#2b2c21,#3b3453,#673d49,#1e624e,#943b38,#8d6148,#9b6e70,#3b884c,#b57e67,#bc9b72,#51b09d,#d4b0a2,#d3cfb1,#f5e1e8
retrocal,#2e1b37,#4e53a2,#7394ba,#e6e1cc,#28524e,#3a7e4c,#7da446,#edd15a,#4b1d45,#8c315d,#cf4f4f,#f6788d,#6a5154,#a45a41,#d87e46,#b49a8d
sulu,#ee70b5,#eeb570,#b5ee70,#70eeb5,#70b5ee,#b570ee,#babad3,#474751,#ffbcec,#ffecbc,#ecffbc,#bcffec,#bcecff,#ecbcff,#e3e3f2,#8e8ea3
picodb,#120919,#1b1f4b,#592942,#106836,#854a2f,#4d4b44,#a4b2bf,#deeed6,#d04648,#ed8f3b,#ebd951,#61ad36,#5190c8,#776e87,#e384a2,#e5bba7
cthulhu16,#1d2531,#a5e5c5,#f0fafd,#52a593,#2b6267,#1e303a,#3b4251,#527b92,#7dc1c1,#c7fff3,#b8cbd8,#7e8da1,#8fa990,#e5debb,#cea061,#854731
hilda,#e2d9e4,#6c9a9a,#52675d,#37403b,#f3c893,#e5987d,#cb5e5c,#72334c,#c0a5a9,#bf7d85,#804d53,#403038,#7c8fb2,#4c5274,#2e334d,#1f2025
rampy16,#252945,#515369,#848fa1,#d9d9cc,#a13567,#e06767,#7d309c,#bd46b7,#4e4cc7,#5d74cf,#7994d4,#79bee0,#63b04f,#a7d950,#d4996a,#d9cf91
mem16,#29213b,#363d69,#7f4a3d,#d05757,#fc9849,#ffd559,#8ccc4b,#3e9d4d,#3e6278,#4789b2,#99aeb4,#88dfd7,#fff9b6,#ffbe97,#f6779c,#9f57af
tymm16,#deceb4,#9cabb1,#808078,#534a3b,#e09b4d,#a17d37,#785c3b,#3e2b22,#bb8f6b,#7a6260,#4b4158,#bb643a,#8d3e29,#5e292f,#799240,#63602e
melody16,#c686ca,#7853a7,#3c3e66,#5d91d8,#9dddf0,#eff5f5,#a3b0bb,#676b8b,#23232e,#4d3347,#8e516a,#ce6374,#f4ae70,#f1de82,#6fc453,#3d8367
vigarospalette,#f6e5d3,#c9c1b0,#c19e89,#97867d,#7c6664,#5b4d4c,#393939,#252528,#0d1013,#b3cac9,#799694,#556967,#8d4640,#833735,#642f2f,#492622
triton16,#000000,#2b2232,#473759,#98879f,#232433,#5f6f87,#829eb3,#93abc2,#1a2120,#424849,#5e7173,#c3b3c8,#866273,#a2878a,#b09ea0,#daced3
miri16,#1b1b17,#433226,#30408c,#575647,#3f6050,#8e3a47,#86553b,#6b6ab3,#6b7636,#a96960,#5e8b9b,#9c7829,#ac82b2,#ad9688,#d8b47a,#ecd9d6
tyadv16,#caa982,#aa8085,#856440,#4a473a,#b96f2c,#774024,#4e2823,#8b9a3b,#397a41,#2c403c,#629cc5,#67628a,#36445a,#707068,#33333a,#182029
nebulaspace,#0a401a,#6d852c,#b3a724,#e6eb6a,#ede8e1,#a7dbbb,#5d858c,#3d476e,#32244d,#27142b,#d6c2ba,#bf9684,#a66372,#733754,#451e3e,#2e0f29
8minutespast8,#483858,#185868,#187868,#28a388,#883028,#a84828,#b88a38,#864808,#986818,#b8a838,#487828,#186848,#b8b8b8,#787878,#484848,#181818
edgsoft16,#fefed7,#dbbc96,#ddac46,#c25940,#683d64,#9c6659,#88434f,#4d2831,#a9aba3,#666869,#51b1ca,#1773b8,#639f5b,#376e49,#323441,#161323
cartoonarmy,#201616,#37403b,#4d6a89,#93aae2,#975cac,#5b2a4d,#e53d63,#f8a095,#ffffff,#c1bfbe,#7d707b,#822525,#b07032,#e6c369,#728933,#aade6e
vaporhaze16,#00474f,#225054,#475b58,#6a645d,#8e6e61,#b17766,#d4826b,#f88c6e,#156d8e,#467b96,#6b869b,#8e8f9f,#b199a3,#d5a3a7,#f8adac,#ffbdbb
alia16,#1e2021,#512450,#605222,#47559d,#8f416a,#ca475a,#458855,#7f7266,#7a889a,#e166bc,#ab933e,#db8e81,#a7a8dd,#eeb487,#ccd2c9,#f8e6e6
aap16,#070708,#332222,#774433,#cc8855,#993311,#dd7711,#ffdd55,#ffff33,#55aa44,#115522,#44eebb,#3388dd,#5544aa,#555577,#aabbbb,#ffffff
oldsand16,#b4c9d8,#a5a3b3,#7e8e99,#4e5d66,#b0c09a,#8f9f91,#7a885e,#525747,#ddb9a1,#a0a294,#a3856d,#6f5f52,#d29a8d,#a0949a,#a06b63,#6e504d
invertcompatible,#234eaf,#11abbc,#72dfb5,#56a22f,#0b6a59,#1d1f26,#614224,#6e6f62,#91909d,#9ebddb,#e2e0d9,#f495a6,#a95dd0,#8d204a,#ee5443,#dcb150
jehkoba16,#000000,#98d9d3,#2bbcd9,#2980a6,#21a65d,#97bf30,#f0cd30,#f2ece6,#ff9959,#bf6060,#ffa6a6,#ff3366,#99457d,#404080,#6b86b3,#08091a
soldier16,#fffdda,#f1d29e,#b58c6e,#6b4a41,#3b2422,#665953,#a39d77,#ebdc6c,#d9903d,#a7512d,#6b2727,#3b1b23,#170f0d,#1e2f27,#51634d,#9dba6c
feelthesun16,#000000,#291a13,#724c30,#b68c56,#fff0a0,#463007,#755a0b,#ab811d,#5e260e,#a1430f,#ff8b18,#f6bf3a,#552012,#9a361e,#eb5731,#ee9852
agedterracotta16,#343128,#504939,#5c6852,#6c744c,#7d8249,#a39e55,#cab567,#773f35,#845640,#a07754,#bc9978,#d6c19d,#eadcc1,#f7f0dd,#fffbed,#ffffff
cottoncity,#834200,#323213,#2b6c21,#888d0d,#ffc249,#da6d00,#a22800,#640000,#000000,#1d1d67,#264bab,#409e9e,#a6da97,#ffffff,#9191aa,#555555
morganne16,#1f1f22,#a7954e,#a2651b,#694e4b,#9b796e,#582a34,#8f2a4d,#9d5d85,#bba7a4,#cac9ab,#545c89,#322b3b,#738650,#76b098,#523964,#5c85a8
kawaii16,#65471e,#b57075,#dcab80,#f8d8ab,#b8aaaa,#fff5f5,#fca5c2,#ec4646,#ffa322,#f9fa93,#7bc188,#8ed3f8,#5989a3,#d793fa,#74518e,#1d173c
versitle16,#0c0b0f,#af3f52,#5f3959,#2e2937,#905c9a,#d78d42,#93593b,#8d92ac,#d47fb0,#dddd50,#75b546,#4a6db2,#f3cb94,#eff0e9,#a7d6da,#56a1c8
colorquestr,#95cecd,#4c898b,#0e3e5b,#15894c,#95ce56,#eeee77,#f7a046,#d64b33,#5a340e,#b05670,#ffad93,#ffffff,#acaaac,#626562,#000000,#ad601a
bittersweet16,#1e1818,#534c56,#97978e,#dedcd3,#7ec0c2,#416f8a,#3f355b,#7d3b55,#b14852,#be8162,#d4a09d,#e1be88,#97b668,#568f73,#685d45,#543734
pastel16,#ea7286,#eab281,#e3e19f,#a9c484,#5d937b,#58525a,#a07ca7,#f4a4bf,#f5d1b6,#eeede3,#d6cec2,#a2a6a9,#777f8f,#a3b2d2,#bfded8,#bf796d
vic20,#000000,#ffffff,#a8734a,#e9b287,#772d26,#b66862,#85d4dc,#c5ffff,#a85fb4,#e99df5,#559e4a,#92df87,#42348b,#7e70ca,#bdcc71,#ffffb0
gopuri16,#e6e1c8,#b1bd8f,#ffb700,#ca7617,#f3b47c,#e7624b,#886475,#883129,#bd6dab,#683f94,#00b16b,#0a6753,#1098b1,#165d7b,#1b2f6c,#1d151b
b16,#fbffce,#b4dc25,#26a630,#5af0f7,#fbd439,#ff9cc9,#25e2c0,#08a0c0,#f09432,#f43666,#c635bc,#165a7d,#dc532d,#a12536,#6f288b,#260e3e
bly16,#333344,#444455,#774444,#445566,#bb5555,#667788,#996699,#448888,#dd8855,#77aa66,#66aa99,#99aabb,#ee99aa,#88bbbb,#eebb77,#eeddcc
skedd16,#8c1e2c,#dc443c,#ff8c66,#c75b38,#d66f24,#e4ba32,#21913b,#83b535,#ebd5bd,#66c3d9,#387cee,#3539a2,#998da2,#594e6f,#2b1a4b,#08050e
microroguelike,#222323,#43434f,#606070,#7e7e8f,#c2c2d1,#8c3f5d,#ba6156,#eb564b,#ffb5b5,#3ca370,#5dde87,#6476e8,#86a7ed,#f2a65e,#ffe478,#ffffeb
simplejpc16,#050403,#221f31,#543516,#9b6e2d,#e1b047,#f5ee9b,#fefefe,#8be1e0,#7cc264,#678fcb,#316f23,#404a68,#a14d3f,#a568d4,#9a93b7,#ea9182
sara98a,#f6f2ea,#ead2ba,#eeae8d,#de8165,#b6444c,#811830,#4c041c,#140008,#280c38,#3c1871,#69448d,#a175b2,#91aaca,#4c79a5,#144469,#041455
aero16,#f9fcff,#b7e8e8,#7fffee,#6dc9ff,#576ae5,#32c982,#98ea96,#ccffa3,#091e26,#48627c,#b3c4d6,#fff6d1,#ffed96,#ffb566,#9b2e8e,#5a1b91
disg16,#cdbeac,#7b7d6a,#4e554e,#352f28,#4a484a,#3c3b4a,#343234,#2a252a,#c5a46b,#9f673e,#7a5c54,#60484d,#ee999c,#8b484a,#613234,#080400
icecreamadventure,#3d322b,#6b3c1d,#0b5fa4,#8f2764,#606b67,#a719b1,#18b7b1,#a36c41,#eb4163,#949fa3,#d774b9,#dbc78c,#b1d499,#ff8a90,#f0b7c7,#f0eee2
regu16,#cd372f,#2840b7,#d3ab0c,#121c1c,#3d3934,#5e3c28,#864630,#4b6130,#627e64,#906243,#c67439,#ae8f58,#6fabbc,#afae9e,#cec1d0,#d8d8e5
prospeccal,#1b0f28,#4c6684,#83bfca,#f4f9e6,#233e38,#357b45,#8ab954,#f2e05a,#312039,#6e2745,#c6434e,#e7937e,#544242,#9e523b,#e98549,#8d8878
ramprainbow,#c64d43,#633324,#b16b33,#e7b860,#648228,#134332,#0c0c14,#5f2b44,#9c4c91,#e79299,#f7f9f0,#5bceb9,#427a9e,#343265,#7a6b79,#b3a3b1
notepad16pal,#373545,#616478,#e0e0e0,#aed6f5,#4a8264,#5db365,#ad8c4b,#c4b152,#5a6ead,#7c9fd9,#c9597a,#e8899e,#695661,#8f6f7a,#c4a082,#e5cea5
yunopc98,#000000,#99aabb,#ffffff,#773333,#bb7766,#eeaa99,#ffddcc,#5566cc,#bbccff,#222222,#444444,#556666,#339988,#ffbb66,#dd4455,#ff99aa
loophero16,#000000,#232323,#602217,#3a3f3f,#815938,#626439,#686f6f,#497aa7,#cd6627,#879b42,#af9156,#5ea2b0,#9fa089,#a4bec1,#dbce2d,#ffffff
cookie16,#1b1a1a,#4e3846,#7f3837,#1f6c37,#625c4c,#0a8a69,#ba554e,#609238,#7e7b71,#ab852e,#3bb2b8,#bd8b67,#bfb24c,#c9b49c,#8ef6c4,#e9d7bd
macintosh2,#ffffff,#ffff00,#ff6500,#dc0000,#ff0097,#360097,#0000ca,#0097ff,#00a800,#006500,#653600,#976536,#b9b9b9,#868686,#454545,#000000
ashorthike,#000000,#4a5933,#bdc039,#ebd477,#c0ac3f,#da8332,#ffb55c,#f2685b,#c1492c,#a73428,#572d42,#43a29c,#6cc7c0,#ebddda,#c9bcb4,#846e5a
skinjob16,#212225,#29272c,#3c3537,#494543,#58504b,#5e6259,#726b73,#907577,#7b8e95,#b18da1,#c2a783,#a9c2a4,#cec6c0,#e4d2c6,#f3e9c4,#fbede4
psyche16,#fafafa,#ebe8da,#ff7196,#eb418a,#304059,#071822,#f0007d,#7f0d4b,#962bb5,#3c43ad,#ffdd5f,#fbb03b,#b9e226,#5ab00f,#5dd8d6,#40a095
lvamaranthus16,#000a4c,#7f55f6,#5c3096,#402160,#98008c,#e136a0,#f6559e,#f57388,#f49c90,#f2c3ac,#e4f279,#cbb53a,#d98f1e,#ca5618,#831c2f,#ca1839
nannermuffins,#28252d,#453849,#404a5e,#7a4d49,#3f705f,#ba615f,#5c8499,#93888a,#bf8870,#7bae79,#e29b84,#82bfc9,#e2b398,#c2cf8f,#eed19e,#ebe8c9
pp16,#2b0a03,#692731,#83403a,#ab613b,#b57735,#bf914f,#c1b367,#5cbb72,#49af75,#5d9984,#5d7c8f,#63364e,#63416b,#6a5489,#6569a0,#627bb4
16metallic,#fabaf8,#534459,#311290,#170f1a,#ffffff,#866c85,#274893,#330b11,#b5e9d4,#81bde6,#3877c5,#561d25,#fce778,#c88f49,#a4562a,#973a35
gemspark16,#241729,#2b3052,#6d4e87,#ad7da9,#d9b4bb,#dfeee9,#9ed3db,#6588cf,#296475,#41542b,#2d8a4c,#81b35d,#d4ca81,#b07d56,#ab5259,#543533
colorblindpalette16,#000000,#252525,#676767,#ffffff,#171723,#004949,#009999,#22cf22,#490092,#006ddb,#b66dff,#ff6db6,#920000,#8f4e00,#db6d00,#ffdf4d
pearald,#3fe392,#3dc58d,#3aa986,#379a8a,#348288,#326077,#2b3a68,#120855,#241356,#351e56,#593161,#7a446d,#975973,#b0606e,#c96266,#e16863
doomed,#000000,#1b3e3c,#3e5b51,#6e7e55,#a9a96b,#ffe1cb,#ffc190,#ffb54a,#ff8837,#ff5d00,#ba4509,#902200,#4e0d00,#dd2200,#ff4e1d,#ffffff
evangelist16,#1b2825,#eb3b35,#9f1f4a,#5e1da8,#8b4fae,#797db2,#b89be2,#b5bbff,#e3d4ff,#744a6a,#c47d9b,#d4a3cb,#6a907d,#b2c084,#f2e89d,#fffff4
shine16,#9de4e4,#5d9ddd,#070760,#612f93,#bf66bf,#fdefff,#b99cd4,#784a5f,#2b0000,#49132f,#be3131,#efa65d,#ecec77,#97d954,#2d892d,#153f2f
winterfes,#3c1c4a,#574084,#655ec0,#5a78e3,#549fff,#4fd8ff,#7fffff,#bfffff,#ffffff,#ffdaef,#ffa8df,#ef60bf,#e716ac,#991674,#5c024a,#300020
tpwcomic,#ffd8ba,#f7a983,#f28a91,#db3b5d,#57253b,#ac2925,#ef692f,#eca549,#3e88b7,#4b3b9c,#6a6c56,#adac8e,#fff4e0,#cecfbf,#939487,#2b2b26
sk16,#2497fc,#283d85,#271f36,#592b66,#a60d0d,#ff5a00,#fcb500,#ede547,#85d451,#029925,#00401c,#000000,#475370,#798b94,#99cfc5,#ebffcc
softel16,#fffef9,#f8f2e1,#d7e2de,#fcea9e,#ffdc86,#db835e,#caefa6,#a7d074,#8ba764,#f36684,#f3506f,#9c4071,#a0d7eb,#6287be,#5e5e80,#404b4f
pyxel,#000000,#2b335f,#7e2072,#19959c,#8b4852,#395c98,#a9c1ff,#eeeeee,#d4186c,#d38441,#e9c35b,#a3a3a3,#70c6a9,#7696de,#ff9798,#edc7b0
softnature,#090909,#101a09,#383d12,#6f782a,#b8af4e,#dadc72,#e3eca7,#e8d973,#ca9037,#c57738,#d2815f,#8d3a17,#3c1806,#4f742a,#6ea666,#addcd3
largecoffee,#c94b98,#ff63a2,#ff90b7,#ffced1,#fff6e0,#c2ffa6,#6bffa4,#7cceb8,#70749d,#9e8bff,#c0b5ff,#eecaff,#ffffff,#c2fff7,#b0e8ff,#8ab3cf
jrcomp,#030625,#0000e8,#077c35,#028566,#9f2441,#6b03ca,#4b7432,#81899e,#1c2536,#0e59f0,#2cc64e,#0bc3a9,#e85685,#c137ff,#a7c251,#ced9ed
adl16,#010d1a,#482a37,#162f62,#5d285a,#195740,#af2841,#9a5854,#357bd8,#888283,#43ab72,#f78057,#83c3d4,#fdb193,#c2e059,#ffda57,#fff3ee
sicklyrainbow,#faffec,#d3d6f0,#abaef5,#8485fa,#c8ff00,#d6cc17,#e3992e,#f16645,#add640,#92ae80,#7785bf,#5a5aff,#8552d6,#ae48ae,#d63d85,#ff325a
warmsummer,#27201c,#764c31,#ae8661,#a3825b,#ddbb94,#fdf7d5,#fef2c2,#f2ce9a,#e2a25e,#cc9662,#a99176,#7e6d59,#a0563d,#d27557,#b09c4c,#866d1d
snowl16,#1e151e,#4d4c47,#7c7973,#b8b4a9,#4b356f,#746eb1,#af7fa3,#73b5de,#5b2a35,#b14a5e,#b15c47,#dcde73,#356f54,#76b15a,#debe98,#dedacb
fztethereal16,#f3f3f3,#f9c2a4,#b8700e,#5e0d24,#a29eb4,#c259df,#8f27b8,#c1002b,#6c606f,#0047ed,#00a8f3,#ddb411,#004952,#07865c,#00c37d,#051c25
combi16,#060310,#252bc5,#7c3d13,#535155,#9c2f9b,#239725,#d84b37,#2d9f62,#8272ec,#bf8321,#ed6294,#77d051,#5ed6ea,#b7ba9d,#e5e052,#ffffff
sara98b,#fae2ca,#e2ae89,#d67959,#be3c28,#7d2814,#501c0c,#281004,#080808,#1c202c,#384865,#44719d,#7999ba,#bac2ce,#ce8d91,#c65d6d,#9d2c40
beetbit,#fff5b5,#38be77,#228f55,#126133,#74740a,#b2ad14,#ffbe3f,#d16110,#872506,#58061e,#910631,#f1164b,#a98fa3,#6e4d70,#471847,#23060f
murk16,#000000,#08457e,#8e7eca,#fdb0f7,#5996bc,#97e7ec,#6a2337,#627543,#7b6d55,#b5a863,#bd3b56,#ed8f87,#9f5a49,#cfa37d,#efdbb7,#ffffff
bonesky,#bce7e5,#919dc2,#655aa1,#321b80,#d47c75,#9f6861,#6e544f,#3e403d,#adf9b5,#a0bfb0,#8e88a9,#7653a0,#ded57b,#bdaf73,#9e8b6b,#806962
dga16,#010101,#031b75,#108c00,#17bbd3,#720c0a,#6c1c9e,#b25116,#b8b0a8,#4a4842,#0b63c4,#9bce00,#73f5d5,#e89e00,#ff7bdb,#fef255,#fffffe
tyif16,#deceb4,#97b6c1,#678782,#b6a87b,#b18652,#977760,#90544d,#5e4a48,#818765,#5f5d4f,#81904d,#686544,#534a3b,#3d443b,#2f2c27,#000000
cozyadventure,#ffd887,#eb9361,#da5e4e,#ab2330,#dfffff,#b5de89,#6aab7c,#26616b,#a2dceb,#759ed0,#434ea8,#2a2140,#e1a7c5,#ab7ac6,#735bab,#3b3772
etern16,#000000,#ada97d,#ffdb80,#e69c53,#bd683a,#854f3a,#633845,#85eb81,#63d4bd,#56a0a6,#416078,#39365c,#212333,#ab432e,#85172b,#571027
sleightofhand,#eef7d2,#cee1bd,#b4cb9f,#d7bc63,#9c8e5c,#f3f763,#7e775d,#dfdf80,#e9eb7a,#d1d06b,#8cb560,#a3d667,#c0aa60,#73a167,#b2e86d,#778f63
warm,#3f0513,#710a0a,#b83113,#d95b1b,#e07532,#e3b258,#e2cc72,#e6e296,#e5ecd3,#d0e4ba,#b5e2a5,#87e08a,#2bbc72,#219e8f,#155d7b,#181c39
nord,#2e3440,#3b4252,#434c5e,#4c566a,#d8dee9,#e5e9f0,#eceff4,#8fbcbb,#88c0d0,#81a1c1,#5e81ac,#bf616a,#d08770,#ebcb8b,#a3be8c,#b48ead
Unnamed,#385074,#4670a2,#70819d,#86a2b8,#c0d1de,#b2a08a,#d9b48a,#feeb9f,#ffebbc,#f0d1a5,#968981,#7f7574,#484850,#313848,#1c283e,#0b1321
trl16,#17171c,#282a30,#49363a,#404735,#3b536a,#9b3535,#92583f,#21927e,#a16a41,#7e7b71,#71a14e,#be8d68,#7abbb9,#d9bd66,#e8c6a1,#dcd6cf
lump16,#000000,#20123b,#451c33,#a8274b,#ed7332,#fff167,#ffffd9,#7defff,#2dd660,#2c7cc7,#3030a1,#381378,#8c2da6,#f57fc6,#ffd7a8,#c8765c
choco16,#bcdae4,#849ff3,#6c5ce3,#464889,#1f4540,#297944,#6da25b,#dce681,#c6a54b,#b6572b,#871e1e,#c72d51,#fa4db4,#ffadb5,#a2574f,#5e3031
brknpoint,#f5f5fa,#050505,#e2e7cb,#d1cead,#c4b5a0,#ad9488,#cc94a3,#f66af3,#bc56e9,#7441d5,#0e0e26,#363c78,#4a6e8d,#6a9d81,#89b386,#b5d0aa
better16,#000000,#181880,#502810,#404040,#185810,#b01010,#5858e8,#b838c0,#808080,#30a828,#f08000,#88b0f8,#38d0c0,#e8c8a8,#f8e840,#ffffff
vigor,#000000,#052153,#4e3813,#940825,#6b4d8b,#5c5c5e,#eb630d,#e85c99,#5e85c4,#8b8c90,#73c489,#c4cccc,#a1d6ce,#d3ecb5,#f9f8d6,#ffffff
sness,#f5f5f5,#a9b399,#616b6d,#181010,#8d022e,#e71861,#ffa995,#c6924f,#885818,#dc6f0f,#f6d714,#0bdb52,#138e7d,#2b4555,#7161de,#80bedb
enos16,#fafafa,#d4d4d4,#9d9d9d,#4b4b4b,#f9d381,#eaaf4d,#f9938a,#e75952,#9ad1f9,#58aeee,#8deda7,#44c55b,#c3a7e1,#9569c8,#bab5aa,#948e82
lopalette,#3a3a3a,#81719a,#a777b7,#d8b0c0,#efafbf,#df77a7,#cf4f2f,#f79f4f,#f7df6f,#cf9f00,#a76f47,#479f57,#9fcf7f,#a0d0f8,#88a0f0,#f8e8f8
satellitesky16,#87d6ff,#87b3ff,#8791ff,#7d84d2,#875dbd,#414ccc,#0b147c,#040a48,#1c2798,#333c9f,#5058b2,#747ab6,#9f88cb,#cc8ce0,#ee97e7,#ffa5cf
st16natural,#09090a,#5c212d,#c2382f,#e09136,#ebdf42,#87cc39,#25662d,#37996b,#63c7e0,#4d56d6,#3c2870,#70338f,#e075bc,#fdfff5,#9da3a0,#454747
bitdream,#000000,#490000,#004900,#22123b,#ffa044,#c84c0c,#6f8b6f,#5c70ff,#fcd8a8,#f01851,#00a830,#5eccf7,#fffff1,#f79c9c,#b6ff49,#db6dff
hypertropicpalette,#080808,#272324,#57261b,#5e512e,#eef2f3,#60665f,#d32d29,#e4c221,#344725,#1b324e,#2c4f62,#4c3b44,#288d4c,#2c71aa,#3a8cc1,#c27b85
europa16,#ffffff,#75ceea,#317ad7,#283785,#1a1b35,#2e354e,#4f6678,#a4bcc2,#ecf860,#94d446,#3b7850,#20322e,#512031,#a43e4b,#dc7d5e,#f0cc90
adb16,#0e0a16,#353a41,#575c53,#90989e,#f3f6f1,#d78c8e,#c6353d,#432d2d,#905429,#de822e,#e8d964,#93c02a,#3b7220,#214879,#448fdf,#8fcedc
harpy16,#e0aaaf,#7f5e85,#322e36,#6a3b50,#ad7f5b,#edd189,#f49c8c,#dc4070,#555562,#918786,#cdbec8,#fbf5db,#b5ddba,#619a8a,#5d7fb1,#a9d3cd
disonant16,#222222,#31322c,#5b423b,#60807f,#65261d,#862f02,#864364,#8643ea,#e362fd,#febff8,#fcdafd,#fffaff,#5043c7,#9394fe,#c4deff,#f5f5ff
mapple16,#dc0000,#ea7d27,#976536,#653600,#000000,#454545,#919191,#c9d199,#00a800,#006752,#0000ca,#514888,#0097ff,#98dbc9,#ffffff,#e85def
saturatedc64,#000000,#363a4a,#819aa3,#bed0ca,#ffffff,#de1a4d,#e997ac,#994312,#f29734,#e9cf1b,#d4f091,#1fa322,#55e0c3,#72a0dd,#452ee6,#ae1fdb
autumn,#ec6f1c,#b4522e,#7a3030,#f6ae3c,#fbdb7a,#eafba3,#e3f6d5,#9ce77f,#49d866,#408761,#2d4647,#345452,#3a878b,#3da4db,#95c5f2,#cacff9
lemon16,#d5c7da,#f8cfa7,#f9e6ae,#dffec9,#bea9c7,#f5bb8f,#fbde86,#bffcad,#7a5784,#eea273,#fbbd62,#02c69a,#401f49,#e68a59,#fdb14a,#029776
lft0,#121733,#6a4173,#c28d98,#d9ce9e,#3c7368,#3f4873,#5f6373,#5e8853,#a1cc95,#8ebdb2,#e1ebdf,#13332d,#8f7d45,#664047,#30142e,#b8354f
zat16,#260c72,#5b2795,#3671b9,#9cb2bd,#ffffff,#dea2a2,#d3780e,#9e5c4e,#722f20,#000000,#6e0f52,#b01e51,#d65cab,#dcd944,#36b438,#477710
mf16,#160b27,#3e4768,#8e98b9,#dee6fe,#f3c41c,#f98617,#d42c4f,#5f0267,#4a10e8,#2197f0,#52daf7,#bb4d11,#ed7fb8,#30fca6,#17ba7d,#056244
astron16,#000000,#e0e0e0,#a0a0a0,#404040,#503020,#e0a060,#e0e040,#e06020,#a02020,#c020e0,#e080c0,#60e0c0,#2080a0,#202080,#206000,#40c020
jr16,#040404,#00015d,#003808,#00374b,#580a0a,#520a54,#7a3820,#4b4956,#81f4b1,#72ffff,#a2a2ac,#4d84ff,#d76f6c,#d887f0,#f6f8ad,#f5fffd
juicy16,#110f0e,#2b1e17,#55332d,#9c5749,#c1304e,#fe6854,#f2a853,#f3d6af,#2f9f6c,#91e87a,#f2e57c,#e5efee,#2f38a8,#5273dd,#77c3f6,#a1e8d5
dibbles,#f03c37,#ed8852,#f2cd75,#bae087,#6dcb93,#47897a,#49758f,#2c385a,#1f2338,#583593,#a54abb,#d57bb6,#994a11,#ca7015,#f7d2ae,#c7cabd
gigaboy16,#27301c,#4d613b,#728448,#9fb060,#94e0c7,#69a398,#446a69,#1b292c,#23201a,#3e3729,#776b4b,#a79368,#dbe2ed,#a1a1ab,#47464b,#1d1d1f
huc16,#ffffff,#ffcc4e,#fa7033,#e52f1b,#ac2385,#000000,#371b14,#733525,#faa1b2,#9a8aa6,#9ccdd5,#227d66,#787878,#293a72,#6ea763,#244e32
smooth16,#0d1521,#350629,#ffffee,#6eebf2,#308ace,#254371,#192140,#2b6276,#36ad6e,#a1ff7b,#ffca5c,#eb6e21,#9f2a38,#57102e,#a44141,#ffcc9d
myfirstpalette,#10539f,#194576,#102c4d,#0d1b2b,#9f4310,#763619,#4d2310,#2b160d,#109f9f,#19766e,#104d45,#0d2b25,#38109f,#2f1976,#21104d,#140d2b
human16,#cc79a7,#d55e00,#e69f00,#f0e442,#009e73,#56b4e9,#0072b2,#654d73,#000000,#aeb3b8,#ffffff,#2b231c,#4c342a,#8f6d45,#af9271,#e4d0b5
famicube16,#e03c28,#871646,#a328b3,#ff82ce,#ffffff,#9ba0ef,#7b7b7b,#415d66,#0d2030,#0a89ff,#25e2cd,#00604b,#939717,#ffbb31,#ae6c37,#000000
explorers16,#000000,#1d2b53,#065ab5,#29adff,#742f29,#ab5236,#ff6e59,#ffccaa,#125359,#008751,#00e436,#a8e72e,#f3ef7d,#ffa300,#ff004d,#422136
dotoppenal16,#442831,#623a46,#755151,#a17a60,#2e432f,#375c51,#566f95,#678cae,#dc7d7d,#f5b0ac,#f6e4c1,#b1a29d,#6aa8bd,#abf1f5,#c1d3f7,#a8b7c6
retrolines,#1c1b1b,#fff1e8,#d5d7b6,#c5d6db,#cfb2df,#ff4ded,#ff4242,#ff7d00,#ffcf29,#ffff00,#00f73a,#5be3e3,#29adff,#6d4626,#ab5236,#be6e2b
britepainte,#ff0077,#ff00cc,#cc00ff,#ff77ff,#770077,#7700ff,#7777ff,#0077ff,#00ccff,#00ffcc,#00ff77,#ffff77,#ffcc77,#ffffcc,#ffcccc,#ff7777
autumnbreeze,#2d1a15,#6b2511,#b61d1d,#ce421a,#e56520,#e77e1b,#f7a31b,#ffbb18,#d9cdbd,#f6f0e9,#e5d1a3,#e5c57b,#e1b36a,#703424,#904936,#a35c49
2pow4,#ffffff,#c9c6db,#767c98,#3a3a6f,#4797de,#96eccc,#d5a9ff,#a049bb,#563243,#d93e48,#fea69b,#c47231,#f9d071,#5baf34,#244344,#000000
magik16,#1c1e1f,#3c4348,#668b90,#bee5e1,#fbfceb,#e9cea8,#9b5a44,#591e37,#6d2fa7,#d454c6,#e98bb3,#f0f3c4,#bde9bf,#82d3b0,#58aaad,#234663
depthblueaerugo,#1e0721,#23132d,#26203a,#30324d,#444a65,#5d687c,#7c8893,#9ba9ab,#242e35,#2f485c,#466480,#618da5,#64a1c2,#87d1ef,#9cdcf6,#b4eaff
sunsetcaveextended,#0d0d0d,#3f3f3f,#ffffff,#3d426e,#40b1d6,#a8edff,#57949e,#4cd9bf,#a3ffd1,#6e3d59,#d57d95,#ffa8bf,#ff3e97,#ff986d,#dfb575,#ffd88c
tyhotb16,#cbc4ba,#b8bb66,#a78a55,#736150,#5e3743,#949771,#686f6f,#824f42,#4e3623,#2a271e,#7795b1,#497d63,#425a68,#3e343e,#2d2c34,#130f0e
tyrw16,#ffffff,#6c6b70,#2a3431,#f3ae76,#d56b3b,#8d7024,#bb2917,#6d313c,#7bbdff,#40a066,#35676d,#3b531d,#f37685,#ac40ce,#34379d,#000000
ultimaviatarist,#f0f0f0,#c0a0a0,#706060,#202020,#000000,#50f050,#00a000,#006000,#5090f0,#0040d0,#101070,#f0d080,#e05000,#d00000,#504020,#d030d0
mac16color,#ffffff,#fcf305,#ff6402,#dd0806,#f20884,#4600a5,#0000d4,#02abea,#1fb714,#006411,#562c05,#90713a,#c0c0c0,#808080,#404040,#000000
theperfectpalettepocket,#ff97ce,#f32341,#7e2550,#ffd5a7,#fb8404,#944e2b,#ffee68,#50c555,#178055,#96ffff,#00aafb,#494297,#a742ee,#272727,#919191,#f9f9f9
st16cmmdr,#06060d,#3d3d40,#6c6b70,#aba7b0,#f6ebf7,#801d1a,#d97162,#4d3904,#99581f,#e5e545,#88d941,#1f992f,#67c8e5,#8250e5,#3f1f99,#76388c
d10d6damage,#00000d,#172126,#324026,#3e4e59,#5c7173,#468c8b,#76a632,#99bfbd,#bbd9b8,#f2f1da,#45002a,#5e3d17,#913a2c,#ab7444,#d4a83f,#eddf48
possessionerpc98,#000000,#bababa,#fefefe,#894523,#cd6754,#ef9889,#febaab,#013267,#237689,#23abba,#457645,#239845,#9cba8c,#fecd01,#730031,#ef0101
colodorevic64,#813338,#e9b287,#a1683c,#553800,#000000,#2e2c9b,#706deb,#6abfc6,#ffffff,#adadad,#7b7b7b,#626262,#559e4a,#92df87,#edf171,#e99df5
sunparent,#902e37,#c34d37,#e27330,#efa955,#f9de88,#f5f7c3,#74e7dc,#458ad5,#415394,#413459,#372b45,#4a485a,#5e7b5f,#bfaa6c,#d09a76,#ce8bba
mnp16,#00001a,#001f33,#144a57,#479ba3,#72ccb3,#a5f5cd,#d5fac2,#ffffd8,#ffeb91,#ffc157,#b96b27,#752233,#ffc2da,#ff99ce,#fb6fb3,#bf2fa2
msvgapal,#000000,#800000,#008000,#808000,#000080,#800080,#008080,#c0c0c0,#808080,#ff0000,#00ff00,#ffff00,#0000ff,#ff00ff,#00ffff,#ffffff
vampire16,#0e0116,#340a43,#6d1a3d,#ca2828,#e99039,#f4e27b,#95c74d,#2c9639,#0b4b3b,#6739bc,#7ca0f4,#f8f7f2,#9a826b,#4b2933,#9d442c,#f8b97f
justaddwater16,#171224,#5c3570,#c7619c,#f794b1,#88374c,#d85f6f,#ff9c4d,#eddb66,#65c96f,#2d7556,#213c4a,#477da8,#75c0e3,#b88476,#ffcba3,#f4f5f2
thanksgivingmeal,#150102,#eeeae7,#8d3726,#aa4100,#b3947f,#da5a01,#f2970a,#f9bf16,#9fa01e,#4c5400,#202914,#616378,#5b495f,#464445,#a70f24,#bf565b
ruzzihuntuu,#111125,#524b6d,#b0c9c4,#fffcf1,#242272,#3470be,#9f2062,#ff5e39,#963abf,#ff69f6,#2c7e4b,#a0c35f,#4398c4,#93ffe5,#d28537,#fef56b
griefwards,#a60241,#ff621a,#cf8d00,#e3d800,#ebdc9b,#523c40,#9e6771,#cfa7ad,#5861a1,#290091,#004a54,#00ba4e,#f2efeb,#959d9e,#00c7b3,#212621
darkautumn,#d9543d,#cc2b36,#bd173c,#aa004a,#8c0062,#5e005f,#2d0045,#0b0124,#002c60,#005678,#008275,#00945b,#01ab3c,#24c927,#70de40,#b6eb67
ponpon16,#e8a6a6,#a5725f,#6b3b29,#4a1212,#b12c1c,#fc7928,#fff18a,#78bb31,#3b971e,#0a4b2d,#437aa0,#8be6e4,#ffffff,#868b9c,#414156,#000000
tyfpc16,#cbc4ba,#72a5b1,#2f4541,#b6a147,#8b8d5a,#5c6a53,#4d3f46,#262921,#47b64b,#2c7d5a,#515a22,#4a4126,#bf8d77,#cb593a,#875c30,#703a1a
warmc64,#200d06,#4c3b31,#876f5e,#d4b192,#fff5c1,#8e3125,#a24f34,#4d2212,#a86d3b,#f6b044,#5e773c,#c2e087,#778564,#78536e,#5a324a,#af4850
piotrinvertiblepalette,#000000,#0000ff,#ff0000,#ff00ff,#00ff00,#00ffff,#ffff00,#ffffff,#009900,#ff66ff,#ff9900,#0066ff,#cc6600,#3399ff,#666666,#999999
rgnb,#7a0216,#ea2020,#ff7d60,#ffcc8e,#2a0654,#492dc6,#5996ff,#7ce4ff,#084920,#16a022,#6ce540,#e1ff6d,#0a060f,#5b4b56,#c1b7aa,#fffcf4
tyam16,#e4c183,#bb8f6b,#a7634a,#715148,#7a6260,#5a4256,#333340,#242220,#deceb4,#9a93b7,#636a74,#394949,#87857c,#73663b,#534a3e,#3e2b22
vibrancy16,#0f6c8a,#20a4ac,#4dd2be,#61dfb4,#b8ed8e,#e0f379,#f9fe54,#fdd74b,#fcaf38,#f77f00,#e35205,#ad3b54,#882255,#6a1c7b,#451f73,#2c2a6d
fourbit,#000000,#960503,#2d6605,#be6908,#042d71,#993374,#309074,#c09377,#4e809c,#dc819c,#76dc9e,#ffdc9e,#4fa5ff,#dda7ff,#76ffff,#ffffff
logdog,#ffffff,#ffdbb6,#dbb649,#db92db,#db926d,#6d92ff,#b69224,#6d92b6,#db496d,#b66d24,#24926d,#924924,#494992,#244949,#490000,#000000
vibrantdepths,#c22d4b,#e45042,#e35e3d,#f09469,#17233d,#224168,#67b6d0,#45b3bf,#67dcf0,#7af0ee,#bdece9,#609884,#79bc92,#65c7ab,#ace3c8,#23988e
softcga,#000000,#444455,#220077,#3322ff,#660033,#ff0033,#770088,#ff33dd,#007722,#00ff33,#227788,#22eeff,#996600,#ffee33,#777799,#ffffff
tyogn16,#aec19b,#6896ac,#636a74,#41435a,#191b2a,#9a93b7,#7a6260,#4e4d42,#6d8d4e,#416a5d,#353e2d,#dab34f,#b18652,#855139,#6d3737,#3a2e39
taikonconsole16,#c6ca96,#daa549,#7a623c,#454236,#aa7e6b,#a54a34,#4a3434,#201b14,#879b42,#397a41,#2c403c,#60a5af,#477fa5,#545264,#6e7f80,#303030
berryshake,#ffffff,#6afff8,#57d8ff,#2e2e49,#f34cff,#b200ff,#7600e5,#53355e,#ff4a97,#ff156b,#d90070,#a30054,#f0ff5c,#62ff89,#26dd7b,#227f5e
pixelmasks,#1fbf77,#9fbf8f,#dfc787,#ffffbf,#672707,#cf3707,#ff7717,#ffbf47,#676717,#578f27,#77cf57,#afff77,#af3757,#df578f,#ff8f8f,#ffcf9f
zeitgeist16,#141019,#3d414a,#5d727b,#a6adb3,#f7f7ef,#e05569,#5b3156,#8f4438,#dd844b,#ecb984,#e6e759,#62c45a,#2f7141,#393b8a,#5080d6,#7bcee0
happyakuharisen,#ffffff,#b2e0ce,#fad7d7,#d7ffc2,#a3a39e,#84bda4,#b88ca2,#98b974,#525252,#4a8072,#73455d,#617a3e,#141414,#17313b,#3b1e2c,#26400f
croma16,#b65780,#cd909c,#d1b3a2,#f0f4c2,#aac478,#68a961,#3d8057,#439c6e,#64b3a3,#9bcfcb,#6794af,#4163a0,#30233a,#514a73,#7a72ac,#d2aadb
super16,#902068,#f81868,#ffa880,#ff7000,#a80010,#ffa800,#ffffa8,#a8e038,#5800a8,#6828ff,#ffffff,#e0d0ff,#a070c8,#683090,#481868,#000000
tybs16,#dfcdb7,#c5a47b,#9a7d4a,#989f3f,#63654a,#294034,#81a598,#456b75,#313045,#c58132,#854b2f,#502317,#9f5745,#604145,#352e32,#251d22
cyberwav16,#ffffff,#79e4c9,#00cc99,#4cd46b,#c0e125,#ffe900,#fdc00a,#fa7d1b,#f8392c,#f71735,#cd1434,#840f33,#3c0b33,#190933,#0b0417,#000000
minecraftia16,#b02e26,#f9801d,#fed83d,#80c71f,#5e7c16,#169c9c,#3ab3da,#3c44aa,#8932b8,#c74ebd,#f38baa,#835432,#1d1d21,#474f52,#9d9d97,#f9fffe
tyah16,#e4d3d3,#687e82,#5a4c49,#202020,#76cfcf,#4d749a,#3d2d4d,#55aa65,#46632d,#2c403c,#9f81c5,#b55e86,#923232,#d59a4a,#9a5632,#6a3933
hastyrainbow,#68c3f8,#2851b8,#781278,#310b47,#101010,#39444f,#8f8fa1,#f0f0f0,#ecea9c,#99e859,#18b418,#0e6243,#6b3b1b,#aa2d0e,#eb762d,#cfb820
agcpalette,#cbc6c0,#bfcb69,#61cbac,#4fbb64,#cb80a3,#8b8b8b,#86765d,#b54c66,#5b754f,#4b6d6d,#5555b8,#5a5252,#6b4064,#4c3737,#2d273b,#220c22
castleween,#10e095,#7cfc9c,#e74ae8,#9740c3,#5938ae,#4646f5,#5694f0,#98fcf8,#ffffff,#ffff8a,#f6cb57,#ed6e6f,#ed3270,#b02a5f,#332d3f,#000000
intellivision,#0c0005,#a7a8a8,#fffcff,#ff3e00,#ffa600,#faea27,#00780f,#00a720,#6ccd30,#002dff,#5acbff,#bd95ff,#c81a7d,#ff3276,#3c5800,#c9d464
demg16,#cdbeac,#7b7d6a,#4e554e,#627c80,#416a5d,#3c3b4a,#302b25,#080400,#c5a46b,#9f673e,#755129,#452f29,#bf8d77,#7a5c54,#8b484a,#6a3425
messengerfromdarknightpc98,#000000,#882244,#bb1166,#ee3366,#dd4455,#ff8899,#ffbbaa,#ffdd88,#ffddbb,#ffffff,#aaee77,#669977,#bbbbff,#7744ff,#664499,#552266
ruzxspectrum,#0f0b38,#616a82,#adb4b7,#f9ffec,#2813a0,#4a6bff,#a02311,#ed175f,#731093,#ee14b5,#278b61,#9dff26,#1b69a7,#47e9df,#7a5716,#f7e54d
lobotomy16,#78000b,#d2061b,#fc3a3a,#fe8a76,#be9c83,#d7c18e,#efecc0,#e9e9e9,#161616,#4e4361,#a562af,#c873c6,#0061c1,#0098c4,#00eadb,#6cffb3
minecraftwool,#e9ecec,#8e8e86,#f07613,#158991,#bd44b3,#792aac,#3aafd9,#35399d,#f8c527,#724728,#70b919,#546d1b,#ed8dac,#a02722,#3e4447,#141519
supercassettevision,#000000,#ff0000,#ffa100,#ffa09f,#ffff00,#a3a000,#00a100,#00ff00,#a0ff9d,#00009b,#0000ff,#a200ff,#ff00ff,#00ffff,#a2a19f,#ffffff
place,#ff4500,#ffa800,#ffd635,#00a368,#7eed56,#2450a4,#3690ea,#51e9f4,#811e9f,#b44ac0,#ff99aa,#9c6926,#000000,#898d90,#d4d7d9,#ffffff
tyak16,#deceb4,#bfaf81,#7b7562,#bd997b,#a7813a,#5a633f,#2d4938,#875239,#5e3743,#413018,#341f1d,#8ab1ab,#4d5d5e,#4d434e,#303039,#1a1919
rayleighpalette,#050506,#192739,#551823,#244c07,#885135,#45454c,#908f88,#fffbe8,#b60a04,#ff6e11,#ffec62,#7aa143,#8bb6d2,#5a45b4,#f06391,#f4be8b
thebtlofcol,#5b2b2b,#984a49,#c59392,#f3dcdc,#2c495b,#497a98,#92b1c5,#dce9f3,#925f3d,#7d835c,#c99350,#cfbd5e,#1e1a1e,#433a43,#716271,#aca2ac
naturalcoloursystem16,#1c101c,#4a3915,#888864,#dcdcc9,#ffffee,#ffed7e,#f0dc3e,#f2a75d,#b65c36,#ac1900,#6b0000,#022716,#005365,#007766,#70a615,#6bb5a4
bounce16,#ece0d3,#a6afb7,#937c65,#625c5a,#371b1b,#713725,#b73a2f,#e17e39,#f2c237,#6ca239,#36753d,#3b4ca8,#5f91c1,#6bc7ab,#d0589f,#8d55ae
tydd16,#afc044,#5a6d1e,#503c18,#391d22,#0e102d,#ead5aa,#b8c185,#979256,#876759,#c27e31,#824316,#272a13,#59876f,#166082,#2e3849,#000000
bprd16,#140c00,#690804,#de2c2c,#fa5555,#382400,#a1858d,#d0b2ba,#facaca,#002000,#405544,#617561,#99b295,#0c3044,#556d89,#7595b6,#deeeff
astro16v2,#151515,#666666,#bbbbbb,#eeeeee,#a34c4c,#c76c6c,#be966b,#e2c68a,#506942,#6d976c,#5e7d9d,#92b5d9,#534c3f,#a69d8c,#d1c7b2,#6d5f7f
rainbow,#212033,#254092,#3896d4,#bfffee,#26d07e,#06694a,#005244,#0d0024,#4e1f85,#b644bd,#d6619a,#f09ab4,#e5b527,#d48022,#bf3011,#69122d
bbly44,#451165,#932b8d,#d35b97,#e3a3b4,#5c2511,#bd773c,#dfbc69,#f2ebc7,#083948,#127468,#51b28e,#94dfaf,#0e0631,#21287e,#5076b9,#8acdde
yeoldepiratemodde,#fcfcfc,#a4a4a4,#000000,#24303c,#55493c,#b67914,#eb923c,#f3e375,#a6cf34,#559224,#2438eb,#3ca6f3,#b2dbeb,#db7996,#b83044,#a80c0c
trklosat16,#2a3a35,#435f55,#648975,#9ebcac,#232e39,#4a6369,#669699,#a4c1c1,#1c1d2e,#564768,#aa82ab,#c8c1cc,#430609,#a21517,#f85729,#ffb938
hongbao16,#f1d1af,#e1ad85,#cb896e,#ac5c50,#662e17,#974c08,#b76f0f,#d69616,#eec945,#fff1d5,#ff9398,#e94049,#b40e12,#710302,#450104,#130709
summerzebreeze,#716670,#a3858c,#ffcac8,#f7ba76,#b38260,#734e49,#371f32,#404755,#4a6f79,#54979d,#71bebd,#9fe3d8,#ffffe0,#a7d78f,#588f6c,#0a402d
deepfor16,#f5f5d9,#d9c68d,#5fba51,#2d7f55,#234d4c,#1b2a39,#464d51,#808e8c,#374eb0,#312661,#902727,#c27343,#864a3c,#4d2e30,#261c23,#0d0814
halloween,#5a0f0f,#7e310f,#a34800,#bd6d14,#ff0909,#ff621c,#ffb729,#ffe040,#380f5a,#420f7e,#5100a3,#6a18bd,#028500,#1a9a4b,#46ca90,#90f0ff
retroctrlr,#ffffff,#9fa0ba,#4b4d70,#15151b,#e2446c,#9e1e40,#690721,#4060cd,#1b3694,#1c0869,#6de462,#3b9633,#0c5606,#f9e69d,#ffc90a,#94770d
tymp16,#ffffff,#dfdfc3,#b3b372,#a79867,#b37272,#8a7272,#72b389,#4f9c5d,#6b7d6b,#dfc3c3,#b372b3,#8a69a5,#72b3b3,#7272b3,#727284,#525252
illuminate,#000029,#474378,#869db5,#dce6e8,#c72412,#66240c,#bd5911,#de9042,#b4c406,#3e6302,#00c90d,#2cdbad,#0099b8,#01016b,#8e0ac7,#eb6ad1
transit,#0c0308,#34160b,#612f0e,#d82b00,#fc6c00,#fcd800,#ffe4ae,#f59562,#846736,#11191e,#2a2c49,#474fa2,#5f9a77,#b4d800,#f7ffff,#bfc1c9
wilson16,#110209,#3d485a,#584f28,#8a9599,#8f7b74,#dcd175,#f0f5cd,#f3f3eb,#421915,#a8584f,#b48156,#c9a865,#3c2418,#493421,#6b5434,#7e663a
campbell,#0c0c0c,#0037da,#13a10e,#3a96dd,#c50f1f,#881798,#c19c00,#cccccc,#767676,#3b78ff,#16c60c,#61d6d6,#e74856,#b4009e,#f9f1a5,#f2f2f2
dotpictdefault,#000000,#7e7e7e,#c0c0c0,#692f36,#ff2e35,#ff931f,#1bb749,#c6e61f,#fff200,#494fa8,#01a8ff,#5be1ff,#b06890,#ffa0a8,#ffe8d8,#ffffff
kule,#29140d,#753355,#ae5f50,#e5694e,#e98e70,#ff9f2b,#ffb986,#ffcd2c,#f2f1d5,#7ce3fc,#38d989,#3ea1d8,#6562bd,#c677ea,#f8a7d4,#b09cb8
spectral16,#020202,#92929a,#fafafa,#ffc97f,#ff5fb4,#ff1414,#b90059,#bb5d00,#ff9a00,#ffe302,#0ad200,#009dae,#11d6ff,#0054ff,#3f00b8,#a000ff
rgbiimproved,#000000,#af0000,#ce5e13,#326910,#0081dd,#000293,#e9258b,#b1b1b1,#595959,#ff9d00,#ffdf52,#8ad118,#53e4f7,#981ce0,#ff74c5,#ffffff
solarstars,#eae6f2,#ffe085,#ccc17a,#bf4c63,#a34981,#52312a,#3d291f,#1a070a,#1a3866,#2f6199,#6ba7cf,#bae1f5,#a2e3da,#a3d9be,#4ca86e,#1d5234
thanksmas16,#341d6d,#000001,#301f29,#553131,#867f6f,#60a85b,#b0bf65,#00a6b4,#3c58f6,#a485f0,#ffc083,#ff73c0,#d03043,#f69420,#ffe100,#fff7ea
colorbit16,#fdffe3,#ffe33b,#ffb1e1,#f9994d,#c38757,#e35353,#ae40ab,#602799,#0c0728,#885013,#398651,#97b954,#8adee1,#349edb,#828282,#bdbdbd
4bitrgb,#000000,#005500,#00aa00,#00ff00,#0000ff,#0055ff,#00aaff,#00ffff,#ff0000,#ff5500,#ffaa00,#ffff00,#ff00ff,#ff55ff,#ffaaff,#ffffff
turtle16,#cdf7dd,#84e39f,#67cd45,#589f62,#82be63,#71a230,#3c7641,#33581b,#93932a,#616112,#404016,#25250b,#d9cd93,#afa582,#867b53,#4d493a
loveydovey16,#f1f2da,#514e61,#00232b,#500f22,#761f28,#cc3636,#6e3f73,#ce4b7a,#eea0d3,#ff7777,#ffce96,#f2ef91,#9c9ee7,#477777,#33517d,#25334d
sfpc98,#191b1d,#43494d,#adc0a7,#f0f2f0,#4e1315,#ed7e3c,#f3b38d,#3ded3b,#0d2039,#5f90d2,#aae4ee,#1d731c,#241b72,#4b38ef,#821e62,#ef38b5
surfsup,#ffffff,#cee0dc,#9badb7,#70818f,#dfe08e,#c0ba9c,#81765a,#da7656,#ac3232,#6f5280,#5a81c2,#34468e,#293648,#341366,#1a1453,#000000
ak16s,#220826,#ffffff,#f8a04b,#6d362b,#e13728,#f4ec64,#5f9633,#14473c,#27b05b,#6fe1c0,#199ace,#4a32ae,#8a898e,#ffa1a8,#e14aa0,#4d1a65
e16,#0f0012,#004f3f,#009e4a,#1cba33,#d4f250,#ffed87,#330033,#b3122d,#cc2929,#e6653a,#ffbb5c,#330066,#1a0099,#1433cc,#30d2f2,#4cffb4
limit16,#420084,#b932c6,#ff9dca,#ffffff,#4affff,#0b82d8,#0b1274,#220035,#000000,#73ff2d,#f9e83f,#cc5923,#941132,#510b22,#a85237,#ffe1b9
shroomywoods,#2e2e3a,#652e49,#b93a52,#ee4b6a,#595758,#ffb100,#f7c8ab,#eee1d9,#66cc7d,#82ff9e,#7284a8,#90a8d7,#4a1e4a,#943c94,#b07bac,#ea9ee4
team16,#363638,#656c79,#e4e4de,#edcc6b,#d88349,#d5534b,#9a71af,#e9b2c3,#948759,#87673d,#334f51,#557d29,#52aa9c,#63aff0,#0083c1,#195391
doodle16,#8c473f,#47272b,#0d0b23,#3e1f54,#424866,#879bb0,#83e6f3,#2396de,#3e40bc,#5eb046,#e1e848,#db8840,#a9262e,#ff8aaf,#ffd7a6,#e8fffb
logdog,#ffffff,#b6b6b6,#6d6d6d,#000000,#ffdbb6,#dbb649,#b69224,#926d24,#db926d,#db4949,#922424,#490000,#9292b6,#6d6d92,#49496d,#242449
oldxmas,#d9d2a1,#9d8756,#8c6d3f,#f6754e,#f59e44,#e61b1f,#ad1d23,#a2d265,#53824a,#252d25,#9fd2e5,#67a7e3,#404791,#0b0b28,#f2edf1,#d384c7
krzywinskicolorblind16,#000000,#004949,#009292,#ff6db6,#ffb6db,#490092,#006edb,#b66dff,#6db6ff,#b6dbff,#920000,#924900,#db6d00,#24ff24,#ffff6d,#ffffff
ladder5,#1d251c,#294d30,#456d45,#7ca96d,#ccb56d,#c99934,#b86a1e,#e16886,#b63354,#8a2640,#2a3648,#366198,#4d8195,#c4d6ea,#90a1b0,#435258
deepforest16,#33242b,#4d2e2e,#664338,#d9c68d,#2e7350,#2a4d44,#233333,#202729,#bf864d,#994326,#5f318c,#4167d9,#6d6d73,#3e3c47,#26222e,#16121a
vivid16,#f7146f,#ba0606,#d67506,#f0bd60,#f5dc1d,#52b812,#3ae61c,#07f0c5,#00b4f0,#1660e0,#7708cc,#d90be0,#e8e7d1,#f28e66,#9e5031,#240d09
dimbloomcore,#2a1e1e,#664933,#28291d,#576632,#251d29,#643266,#291d22,#663237,#29221d,#665932,#1d2629,#324b66,#1d2920,#32664d,#1f1d29,#483266
autumnal16,#d3d4c1,#87a8a2,#335d7d,#303d5e,#3f5b5e,#132b2a,#354212,#68680f,#302418,#603d1a,#885d24,#a18d1b,#c9590e,#942925,#5c293b,#18181a
shifty16,#000000,#555555,#aaaaaa,#ffffff,#55ffff,#00aaff,#0055ff,#0000aa,#550055,#aa0000,#ff5500,#ffaa00,#ffff55,#55ff00,#00aa55,#005555
16dan,#7b7b7b,#e9aa42,#f5d565,#ffffff,#ca5531,#b5a857,#b1c01d,#b9f5f7,#763e34,#377e2b,#8d93b2,#78b0ce,#000000,#2a2f5a,#5c4d8f,#be79b4
the16wonder,#000000,#f50f27,#f56c3f,#ffffff,#004785,#0395b1,#36eb8f,#abffa8,#8f2700,#ff8f15,#ffec3c,#e3fdaf,#2d006a,#0003f5,#6ed1f5,#adffca
10plus6colorpalette,#e91717,#881818,#e3e41c,#ad9114,#3bdd3c,#1e821e,#5db5e3,#186288,#3937e5,#1f1f7f,#000000,#333333,#666666,#999999,#cccccc,#ffffff
superhue16,#424242,#8a8a8a,#fafafa,#53b6c6,#2a6180,#141557,#53106e,#9e2453,#cc4e3d,#e38a56,#f0c648,#5aab20,#0a570a,#000000,#4f130f,#823b26
washedover16,#000000,#555555,#aaaaaa,#ffffff,#aa3344,#773300,#bb7744,#ffbb88,#dddd66,#66dd99,#007733,#003377,#4477bb,#88bbff,#8844bb,#ff88cc
drowsy16,#ffffff,#e7e7bf,#b494b4,#9135a8,#6a9ba8,#68728c,#4a319d,#000d3a,#ffcc77,#db8b62,#a8581b,#5e3b37,#ab6d6d,#b33943,#819958,#006a66
z0rn,#2d2b3f,#7f7856,#6d524c,#6c4049,#878c99,#bbb88b,#b0938a,#af8088,#d8dbdd,#e7e5b1,#e6cab9,#e6b6b7,#f6f7f4,#f2e561,#e89860,#e75f5e
ajspico8palette,#000000,#555555,#aaaaaa,#ffffff,#770055,#775500,#007733,#3333aa,#ff0033,#ff9900,#ffff00,#00ff55,#00aaff,#9977ff,#ff99cc,#ffcc99
iroshizuku16,#e8e1d1,#b5c3c7,#6c7787,#3d3945,#c2d968,#53e0d0,#4996d1,#2e598f,#ffbc36,#038071,#ab7774,#5c0d33,#e64080,#8c1d59,#fa6f5a,#b52137
starwars16,#11151a,#465367,#8e9cb3,#f1f6ff,#eec5b1,#dc7a33,#811818,#da1f33,#f2a0c9,#da60c4,#773181,#2e1674,#3c83cc,#5ce7db,#40a653,#1e6665
vibrantramps,#07072a,#1d2562,#3a70b9,#75c1e5,#cbfcf5,#fffff6,#e7d184,#a86e29,#7a2b20,#4d142f,#2d132b,#1a4569,#24958d,#43d88d,#9ae796,#ebefc9
mg16,#f2f2f2,#c8dbbe,#e3cc7e,#ccc8b3,#6cd16c,#ada0a5,#cc5d6e,#ff0084,#7f7887,#436357,#634e70,#6d403f,#3d3d9e,#42372a,#333651,#261d26
arnefrontier,#000000,#4f4440,#939393,#eeeeee,#fa4fdf,#9f145f,#ef2b2b,#fc990e,#edee00,#a0e546,#43bf52,#00664a,#3a3b5e,#1c6bb6,#6ec0d8,#75ff9f
pastellove,#631616,#260b1e,#343b22,#7b6d32,#af4d4d,#631d84,#306843,#cbaf6b,#deac96,#8f6ab8,#77b391,#b1c276,#dec4dc,#9ea9cb,#5880b3,#38557b
king16,#1d1b20,#392e3c,#3d3c58,#643a40,#46543e,#505f93,#517852,#a05372,#886659,#b972a4,#9e8d80,#bca766,#d1a2b9,#c0c783,#c5d1b4,#c4ccbd
tymp16,#c2c630,#3fa130,#4e5817,#342b19,#ffd37b,#e18734,#c34e29,#634805,#c13d95,#8d1523,#ffffff,#adadcb,#596e78,#72b3ff,#3d65b6,#244449
minecraft,#cfd5d6,#e06101,#a9309f,#2489c7,#f1af15,#5ea918,#d5658f,#373a3e,#7d7d73,#157788,#64209c,#2d2f8f,#603c20,#495b24,#8e2121,#080a0f
tropicalchancer,#141010,#ff0396,#bf0270,#80014b,#8e08cc,#590580,#2c0340,#16ccbc,#0f8c82,#084d47,#ff6803,#ffab0a,#ffe11c,#11ff03,#0ab300,#fff0f0
tydk16,#deceb4,#c5ae6c,#af8829,#a57a57,#855931,#4a3c17,#754e51,#804135,#432a2e,#6e8f8d,#5c6a53,#5a534a,#2f4541,#3d3840,#262921,#000000
pastryshop,#2e2e2e,#616161,#a1a1a1,#d1d1d1,#ffbf00,#e64b17,#cc2952,#b33693,#823d99,#504080,#3d4766,#407080,#3d9982,#36b355,#52cc29,#b2e617
polybius16,#000000,#242424,#353535,#494949,#666666,#e2e2e2,#6dcfc0,#1aab90,#0c7864,#004a3c,#27a3ff,#003fe2,#0a138a,#f86a1d,#db0000,#99042e
arcticlevel,#1f1a1d,#323b95,#44582c,#6b6556,#3968bb,#947d4c,#9366b5,#8a80a3,#648440,#bd9b56,#96c359,#73b4f9,#9fa7b5,#bdc8c0,#c0edde,#f2f1d6
tya12k,#f5f5f5,#978d7b,#5c6a53,#39392e,#9ce4c7,#55abbb,#66777d,#42495a,#89b152,#349751,#3a532d,#c4cb7d,#b18652,#6d6138,#ac563e,#634c52
surfinginram,#080828,#4e525e,#c1b6ad,#f3feff,#329a5f,#44c8a1,#b0eed3,#1a187d,#482ae4,#9496d6,#a45dad,#603943,#d32457,#e38cb7,#ff6363,#fabb94
tygos16,#cbbcaa,#72ac92,#797997,#756372,#638d54,#606a40,#4e4843,#1a2f27,#b6a588,#a7889f,#a17b6d,#877041,#725356,#4e372c,#3e2230,#000000
rggb,#000000,#005500,#00ab00,#00ff00,#0000ff,#0055ff,#00abff,#00ffff,#ff0000,#ff5500,#ffab00,#ffff00,#ff00ff,#ff55ff,#ffabff,#ffffff
slime16,#3d5a66,#47b292,#6dd979,#f5ffcc,#4b1717,#9a3e3e,#b36647,#e5b05b,#3d4e65,#596880,#7a8799,#b8c0cc,#25284d,#366ab3,#5b95e5,#65d1ff
azionepallete,#673a61,#984561,#f0a57e,#da8b64,#dfb65d,#f6c38a,#ecd6eb,#9f90d6,#7983d4,#3f5dbf,#464595,#2e336b,#252541,#413e5b,#585572,#2fa270
paletadracula,#171717,#333e09,#483422,#760064,#368800,#930b0b,#c900c7,#6db936,#18fe89,#e2fd4c,#e96f6f,#d894e2,#b5faaa,#e3feb6,#d6ffea,#ecf7f3
daydream16,#000000,#440088,#cc00aa,#ffaabb,#550000,#993311,#dd6644,#ff8888,#4444cc,#1199cc,#33eeff,#ffffff,#009933,#66ee11,#eeff77,#ffcc88
chavo8pal,#201f1a,#563226,#3d4a4b,#5d5c58,#a6502f,#c24a33,#426896,#986d61,#5b855f,#8c7c86,#70869c,#c18f67,#a49898,#d4aea1,#e0c9b5,#f0ebe4
raspberry,#fee6ff,#fcb8e1,#ff97bf,#ff3c64,#e42a41,#d83668,#9b375d,#931837,#fffcc0,#c9b67b,#97a253,#60872c,#a1bc99,#729e6d,#3c7765,#3a5542
darkmatter,#3a0850,#721680,#f700c2,#00fff2,#07569f,#051440,#21570a,#5bbf0e,#e0f000,#ff5900,#b53807,#750505,#000000,#484848,#afafaf,#ffffff
basic16,#f2c0a2,#e98472,#d82323,#98183c,#1fcb23,#126d30,#26dddd,#1867a0,#934226,#6c251e,#f7e26c,#edb329,#e76d14,#f2f2f9,#6a5fa0,#161423
minecraftdyecolors,#ffffff,#999999,#4c4c4c,#191919,#664c33,#993333,#d87f33,#e5e533,#7fcc19,#667f33,#4c7f99,#6699d8,#334cb2,#7f3fb2,#b24cd8,#f27fa5
vnes16palette,#ffffff,#45c1ff,#0057fa,#4300a8,#fa0f0f,#fa5300,#fa992a,#fae769,#acacac,#000000,#1b001f,#350057,#b3003b,#007d4f,#27b500,#b0eb0e
tymd16,#8fbfd5,#8385cf,#7655a2,#313a91,#cd9373,#b14863,#913131,#a77434,#784233,#34311d,#66ac7d,#4a7833,#ede6c8,#808078,#485454,#373a3e
lightfantasygame,#e7ebf8,#adb2c1,#797e8d,#202026,#f56c77,#ac3232,#f8c8af,#e4a672,#ffe762,#96d45b,#3ea155,#0484d1,#203c56,#8d56a9,#505273,#693c36
tync16,#000000,#0b152e,#32293c,#6a445a,#5787ba,#9a93b7,#bdcacd,#7a8075,#374a3d,#6e703e,#96c359,#4c3435,#705336,#ca7c3b,#dab34f,#efaca1
grixelgrotto,#095712,#3b8c50,#1dab3e,#79c267,#45499c,#5e71eb,#738aff,#9eaeff,#3172d4,#3297d6,#7ea8e6,#e0f3ff,#a8910d,#b8a73b,#e8da7f,#fff6bd
theamazingspiderman,#e0e0e0,#a0a0a0,#606060,#000000,#e0c000,#e08000,#60e0e0,#00a0e0,#c040e0,#602080,#20c040,#006020,#e04000,#a02000,#0060c0,#0040a0
tyfd16,#dfd8c0,#728582,#595a51,#4a444a,#2a2a2a,#86aacf,#3c7055,#665775,#36495a,#a6aa62,#9a7a4c,#7a5c54,#4a4126,#eacb51,#bf6a32,#754136
cartooners,#000000,#777777,#cc8855,#001111,#4455ff,#008800,#bb5500,#dd0000,#ff9900,#ffee00,#00ee00,#ffbbaa,#ff22aa,#7788ff,#cccccc,#ffffff
dotpictcharacters,#14131a,#474d5d,#8f9aa1,#a72751,#ff3d3d,#ffb72a,#f6ed03,#4bde3c,#33766c,#25bfe2,#317de9,#4a3c95,#a55b99,#fe827d,#fed0b1,#ffffff
spiral16,#000000,#808080,#ffffff,#ffcc99,#ff99cc,#aa55ff,#00aaff,#00ff00,#ffff00,#ff8000,#ff0000,#aa0055,#5500aa,#0000ff,#00aa55,#663300
nanoc16,#2a232d,#3e434b,#b8b8af,#515983,#5c7ba0,#7aafc4,#f6ebd3,#eacf54,#de7138,#6c8d50,#3f6d39,#2e4236,#dbac89,#8c5d53,#532a3a,#a13b3a
saturation16,#000000,#424242,#919191,#b8b8b8,#e0e0e0,#ffffff,#ff4b4b,#b8293b,#ebff40,#deb92c,#54ff59,#3ac450,#6865ff,#0068a1,#983ce8,#792180
brilliance16,#70061f,#ff1238,#ff8359,#f0fb56,#55ba38,#126527,#142075,#2d699e,#74bdff,#ffffff,#9d92a2,#594a60,#000000,#6c3a38,#af6d5d,#dea894
crayon16,#000000,#5d2540,#ef364b,#672c26,#ff752a,#6f5a1d,#fff341,#215a39,#49dc41,#2e608e,#3bccf8,#2b2b63,#a14ff1,#717171,#ffffff,#292929
terminal,#323232,#535353,#d25252,#f07070,#7fe173,#9dff91,#ffc66d,#ffe48b,#4099ff,#5eb7f7,#f680ff,#ff9dff,#bed6ff,#dcf4ff,#eeeeec,#ffffff
artnouveau,#e95c4b,#a4f4f9,#e1a95f,#72a0c1,#8a795d,#ffb3de,#ffcc33,#556b2f,#551f2f,#08457e,#8878c3,#aa6c39,#00dea4,#ffe5b4,#c5b358,#231e20
jw64,#000000,#404040,#8c8c8c,#c8c8c8,#644020,#a82f2f,#b46429,#e0806c,#403fc0,#6496f4,#63d4f0,#e0e040,#b437b4,#54c048,#a0f66e,#ffffff
tyba16,#b2d5d1,#9fa089,#686f6f,#333340,#08001f,#7599d0,#4a7885,#5c6a53,#42535a,#2f4541,#b18652,#9c5d36,#61441b,#b5878d,#695e70,#745242
rabbitjump,#e0e0e0,#e0c040,#e06020,#e00000,#a00000,#000000,#808080,#a0a0a0,#a08040,#008000,#006000,#004000,#2080a0,#006060,#e0a0a0,#c06060
kq16,#ffffff,#a3a3a3,#4e4e4e,#000000,#e5a8b9,#cab78b,#80c6b8,#9dbbe6,#9f6778,#86764c,#3d8376,#5a79a1,#5d2b3c,#463a14,#00443b,#173d61
pac16,#dedeff,#ffff00,#ffb751,#de9751,#b96832,#ff0000,#000000,#2121ff,#4cb7d6,#00ffff,#21b800,#00ff00,#97ff00,#ffb7ff,#ff21ae,#9797ae
chipschallengeamigaatarist,#ffffff,#ddddff,#9999dd,#666699,#444466,#000000,#dd6699,#00bb00,#66ffff,#00bbff,#0066ff,#0000bb,#ffdd00,#dd6600,#bb0000,#664400
thebtlofcol,#5b2b2b,#984a49,#c59392,#f3dcdc,#2c495b,#497a98,#92b1c5,#dce9f3,#925f3d,#c99350,#cfbd5e,#7d835c,#1e1a1e,#433a43,#716271,#aca2ac
sweets16,#0c0c0c,#181818,#55415f,#755579,#64b964,#7dde99,#d77355,#ea8165,#e6e2cf,#fffbea,#508cd7,#7daede,#819181,#9db29d,#950048,#b21c65
deluxepaintataristpalette,#070707,#4a4a4a,#8e8e8e,#d1d1d1,#f3f3f3,#f3d1af,#d18e6c,#8e4a4a,#f30707,#f36c07,#f3f307,#07d107,#076c07,#07d1f3,#0707f3,#d107d1
nethack,#000000,#00b6ff,#ff6c00,#ff0000,#0000ff,#009100,#6cff00,#ffff00,#ff00ff,#914700,#cc4f00,#ffb691,#476c6c,#ffffff,#dadab6,#6c91b6
pastari16,#002a33,#404140,#591a4c,#312098,#909090,#1c5c48,#442800,#854514,#5c9c5c,#ac783c,#9c2020,#515cc0,#ececec,#fce08c,#fcbc94,#56b2c0
kikisaturare,#97c7c3,#8c7cc4,#364d6a,#a344a2,#e287b0,#7e6a76,#544444,#000000,#eff3f3,#275d2f,#438b64,#7fb134,#b7e04f,#746e37,#c49244,#b55025
gamebuino,#ffffff,#a89987,#544d43,#000000,#960040,#cf4485,#db1d23,#ffa811,#cf8e44,#ffd690,#f5e700,#85cf44,#008b50,#004385,#4485cf,#7dbbff
ibm1553crt,#000000,#0000aa,#00c400,#00c4c4,#c40000,#c400c4,#c47e00,#c4c4c4,#4e4e4e,#3e3edc,#4edc4e,#4ef3f3,#dc4e4e,#f34ef3,#f3f34e,#ffffff
dafridgesadventures,#121214,#ffffff,#929292,#043d13,#005b04,#729f41,#13345a,#25568f,#4b99b5,#523209,#825111,#b57828,#ea3030,#ac3232,#ffa811,#ead3ae
magus,#000000,#404040,#606060,#808080,#e0e0e0,#4060e0,#0020e0,#008000,#00e000,#e0e000,#e06000,#e00000,#800000,#602020,#804020,#a08040
ggos,#eff9ff,#7a8599,#2a2d49,#04000f,#e51919,#a51723,#f95c22,#f9d222,#ff995e,#22f9d2,#0e6bb7,#000b89,#00822f,#41ea41,#720033,#ea7cc4
ajmsx,#000000,#555555,#aaaaaa,#ffffff,#ffaaaa,#aa5555,#550000,#555500,#aaaa55,#aaffaa,#55aa55,#005500,#55aaaa,#aaaaff,#5555aa,#aa55aa
huemeister,#000000,#555555,#aaaaaa,#ffffff,#ff3399,#ff4444,#ee7700,#999900,#55aa00,#00cc00,#00cc66,#00bbbb,#1188ff,#6666ff,#aa55ff,#ff33ff
c64saturated,#ff0000,#ff8000,#ffff00,#80ff80,#00ff00,#00ffff,#8080ff,#0000ff,#ff00ff,#ff8080,#804000,#000000,#404040,#808080,#c0c0c0,#ffffff
swordp,#225f74,#689bac,#a7d9ea,#d7edf6,#4d2c00,#614115,#87591a,#c88124,#813d3d,#ab2626,#bf4141,#d37979,#434343,#6b6b6b,#989898,#b8b8b8
atarist,#e0e0e0,#a0a0a0,#606060,#000000,#e0e020,#a06000,#20e0e0,#00a0a0,#e020e0,#a000a0,#20e020,#00a000,#e08080,#a00000,#6060e0,#0000a0
babyjoingoinghome,#f0e0e0,#908080,#504040,#303040,#000000,#103020,#306040,#50a080,#60b0f0,#1060f0,#300000,#702020,#e03030,#e06040,#f08080,#f0b040
slimep16,#f7fff4,#6af240,#1cd64b,#12bb69,#078b6e,#012631,#ffa7c6,#f478b4,#ec2ba2,#b90cbb,#2d053c,#58e1f6,#40abe5,#1d6dc7,#1d27a9,#150765
tywo16,#cfcfcf,#86aacf,#5c7781,#444760,#dbb958,#84954c,#41655a,#353535,#c59e77,#c5824d,#856b3e,#5a4439,#8a7f6c,#814e4a,#452727,#000000
random16,#060a0d,#1f2d48,#7389a4,#adbec6,#fffaf4,#f1e48c,#eea947,#a16b32,#5f3820,#cd5950,#ea927d,#ac65d8,#3d77b8,#93dcee,#87d237,#255e29
cybercade,#c6d7fe,#757575,#333360,#171722,#000005,#f97d01,#d80901,#420d1f,#120320,#00b35a,#018906,#015404,#0f2c11,#0155c4,#002498,#00065e
def16,#e8e4ba,#e6c66e,#9bd98f,#91b57e,#41b547,#d9784e,#b89f7b,#84a2c9,#4293ab,#86b8b6,#d488ae,#d474d4,#6c84c7,#c24695,#a26dc7,#3f59d9
isolated16,#000000,#555555,#aaaaaa,#ffffff,#550000,#aa5566,#ffaadd,#553300,#aa9955,#ffffaa,#005544,#55aa77,#aaffaa,#001155,#5577aa,#aaddff
nyankos16,#101010,#333333,#666666,#f8f8f8,#9c3247,#cc66a0,#ff99d4,#a04210,#f7c07b,#ffe9cc,#e01818,#004ecc,#639cf8,#007f1d,#00d030,#7fff9c
retrorainbow,#c3ea72,#436931,#0f513a,#dfaf6e,#b45a32,#5c122f,#6bd297,#3d468b,#442f69,#120436,#e1d388,#bfbc48,#637222,#eeb8d2,#b84da2,#712f85
cgacomposite,#000000,#006e2d,#2d02ff,#008bff,#a9002d,#777677,#ec09ff,#bb92fd,#2d5a00,#00dc00,#767777,#45f4b9,#ea6502,#bce500,#ff80bc,#ffffff
ultimavisharpx68000,#e1e1e1,#a5a5a5,#4b4b4b,#000000,#e1c3b4,#e1a578,#a55a0f,#a50000,#e11e00,#e14be1,#e1e14b,#4be14b,#00a500,#0000a5,#4b4be1,#4be1e1
sierraadventuresatarist,#e0e0e0,#a0a0a0,#404040,#000000,#e0e040,#a06000,#60e0e0,#408080,#e060e0,#800080,#80e040,#008000,#e06040,#800000,#0060e0,#0000a0
birthdayspc98titlescreen,#000000,#aaaaaa,#ffffff,#bbaaff,#6655dd,#9944ff,#8844aa,#443377,#dd1166,#ffcc33,#ff66aa,#ff99bb,#ffddcc,#eeaa99,#dd7755,#994411
clubseoul16,#f5f6f0,#000000,#121c26,#244051,#5d7c90,#5aa0a0,#6fbc92,#c6d6cb,#d4dfe5,#8b8450,#deb43c,#ac9e93,#d9cebc,#fab2a3,#ae2f36,#434c47
superbreakoutst,#efefef,#cfcfcf,#afafaf,#8f8f8f,#000000,#0f0fef,#6fafcf,#6fcfef,#ef6f6f,#cf4f4f,#efaf2f,#cf8f2f,#0fef0f,#0fcf0f,#ef0fef,#cf0fcf
lp16,#000000,#573449,#af3c7b,#c89be3,#7a7d91,#0ff8aa,#98f3ff,#ffffff,#e50010,#ff9118,#ffff00,#83e563,#3db602,#a1a200,#237b4b,#2060ce
lex500alt,#ffffff,#949fba,#202020,#000000,#ff004d,#80001e,#ff8a00,#9e4100,#ffff3c,#74ff27,#00582a,#2969ff,#13003c,#bf4cf1,#621468,#ff5e85
linksawakening,#10ad42,#008000,#004000,#1984ff,#003973,#b59cbd,#634273,#3a1952,#ff0829,#de0000,#ffbd8c,#ffff8c,#ffb531,#804000,#000000,#8c8ca5
tydrpg16,#bcc9cb,#72ac92,#b1798c,#797997,#a49983,#878362,#6a6d5b,#606a40,#4e4843,#393217,#c69168,#8d6959,#7d4948,#4e372c,#3e2e3d,#000000
orchard16,#3b2106,#4e2906,#723d0c,#b36206,#d6831e,#d3966f,#f6c183,#e3e3bc,#537726,#739b2f,#79b626,#a13e2f,#853726,#8ba3b6,#73828e,#5c6975
ak16,#3f32ae,#e30ec2,#baaaff,#ffffff,#ff949d,#e80200,#7a243d,#000000,#195648,#6a8927,#16ed75,#32c1c3,#057fc1,#6e4e23,#c98f4c,#efe305
softboy16,#000000,#ffffff,#ff0000,#ff7100,#ffff00,#00ff00,#0000ff,#5900ff,#7f0000,#702c00,#7c7c00,#007c00,#00007c,#29007c,#e29f4d,#e2614d
shp,#aa0000,#ff0000,#ffaa00,#ffffff,#00ff00,#00a76b,#00ffff,#0080ff,#0000ff,#7400aa,#000000,#7f7f7f,#555500,#953200,#c16570,#ffaa80
decoyworld2,#c8e396,#a9d49d,#accde0,#d4c18e,#c79e77,#ad8d42,#468c36,#9c335a,#e79eeb,#c888cf,#c45ea4,#5283bf,#165e4a,#2a4778,#183854,#1f0f3d
icecream16,#2c2c33,#2ae500,#0ad100,#00a51b,#5d5f6b,#72c2ff,#3aadff,#2162ef,#c4baba,#fcaf0a,#ff5a07,#e02c00,#fffcf2,#f99adb,#ef70d8,#d64acc
raceyouhome,#104a8e,#1663be,#1b7ced,#bac3ff,#cd5e77,#e87ea1,#fbb7c0,#fde0e0,#1e5636,#578c49,#5aac44,#99be8f,#0f080e,#4c2b21,#66442c,#7c5835
p64,#002d15,#246040,#51a59e,#c1fff9,#8e493a,#e0a598,#2f88d9,#2d337a,#7eb779,#2d8225,#c6b10f,#726713,#724713,#9d59b7,#57246b,#b2e4ff
arcadian16,#ffffff,#000000,#673931,#ffccaa,#f8c53a,#fff089,#42aa5a,#008751,#3d4977,#6772a9,#464762,#3a3277,#9c8bdb,#9052bc,#7e2553,#ff77a8
,#101010,#303030,#4c4c4c,#6d6d6d,#919191,#aeaeae,#cecece,#f2f2f2,#480004,#810000,#c20000,#ff0000,#0c340c,#446d44,#759575,#deeede
newergraphicsadapter,#ffffff,#bfbfbf,#ff0000,#7f0000,#ffbe00,#7f5d00,#6aff00,#357f00,#ff00ff,#7f007f,#009569,#00140e,#1d007f,#3e00ff,#7f7f7f,#000000
,#e8e4dc,#7e7567,#222323,#d62411,#804000,#ff8000,#ffee00,#808000,#5ccf13,#55a894,#00c0c0,#89cff0,#004080,#aa00ff,#c000c0,#ffc0cb
dosgg,#242424,#005555,#008888,#55bbbb,#cccccc,#cc9999,#bb5555,#aa0000,#770077,#aa00aa,#cc22cc,#cc88aa,#cccc88,#55cc55,#00aa00,#008800
supaplex,#ffffff,#b0b0b0,#909090,#808080,#707070,#606060,#000000,#804000,#b00000,#e01010,#f09040,#e0e000,#00b060,#008050,#7090e0,#5050d0
preanortalium,#123456,#262737,#393a49,#604a6c,#956830,#908d41,#887b51,#807264,#13683d,#429553,#718f71,#839482,#952b29,#a9323e,#b1445d,#b46a91
anotherretro,#e66a2c,#ffc64a,#000000,#2e7de6,#80b7ff,#59692e,#62ad39,#732a78,#ba419c,#de983c,#f5d590,#8c2e06,#c9521e,#404040,#c0c0c0,#ffffff
machinie,#f64ec1,#702b5a,#9c427f,#d77bba,#ff6904,#79390d,#ad5a21,#ee8f4f,#18e190,#114530,#1f684a,#48a47f,#1228ad,#243079,#375b9c,#6e94d8
erogecopper,#0d080d,#4f2b24,#825b31,#c59154,#f0bd77,#fbdf9b,#fff9e4,#bebbb2,#7bb24e,#74adbb,#4180a0,#32535f,#2a2349,#7d3840,#c16c5b,#e89973
jmpjapanesemachinepalette,#000000,#191028,#46af45,#a1d685,#453e78,#7664fe,#833129,#9ec2e8,#dc534b,#e18d79,#d6b97b,#e9d8a1,#216c4b,#d365c8,#afaab9,#f5f4eb
castpixel16,#2d1b2e,#218a91,#3cc2fa,#9af6fd,#4a247c,#574b67,#937ac5,#8ae25d,#8e2b45,#f04156,#f272ce,#d3c0a8,#c5754a,#f2a759,#f7db53,#f9f4ea
fantasy16,#8e6d34,#513a18,#332710,#14130c,#461820,#a63c1e,#d37b1e,#e7bc4f,#eeeefa,#d9d55b,#757320,#14210f,#040405,#1c1b2f,#435063,#60a18f
arne16,#000000,#493c2b,#be2633,#e06f8b,#9d9d9d,#a46422,#eb8931,#f7e26b,#ffffff,#1b2632,#2f484e,#44891a,#a3ce27,#005784,#31a2f2,#b2dcef
psygnosia,#000000,#1b1e29,#362747,#443f41,#52524c,#64647c,#736150,#77785b,#9ea4a7,#cbe8f7,#e08b79,#a2324e,#003308,#084a3c,#546a00,#516cbf
rplace,#FFFFFF,#E4E4E4,#888888,#222222,#FFA7D1,#E50000,#E59500,#A06A42,#E5D900,#94E044,#02BE01,#00D3DD,#0083C7,#0000EA,#CF6EE4,#820080
cgarne,#000000,#5e606e,#2234d1,#4c81fb,#0c7e45,#6cd947,#44aacc,#7be2f9,#8a3622,#eb8a60,#5c2e78,#e23d69,#aa5c3d,#ffd93f,#b5b5b5,#ffffff
a64,#0b0b0b,#566262,#8d8d85,#a7b5ba,#f0e9cf,#d39f80,#b0703e,#5a4142,#d1d15b,#a7d254,#58a23c,#7ac2e0,#786aff,#3e489d,#8363ad,#c14867
dinoknight16,#0f151b,#292732,#535867,#95928f,#f1f1ea,#c58d65,#8d5242,#513d3d,#ecd56d,#ea7730,#cd3d3d,#7c3f8c,#304271,#0083c8,#47a44d,#1f6143
zxarne52,#000000,#3c351f,#313390,#1559db,#a73211,#d85525,#a15589,#cd7a50,#629a31,#9cd33c,#28a4cb,#65dcd6,#e8bc50,#f1e782,#bfbfbd,#f2f1ed
chromatic16,#000000,#90B0B0,#FFFFFF,#800018,#FF0000,#A05000,#FF8000,#FFC080,#FFFF00,#20AC00,#40FF00,#003070,#3070B0,#00D0FF,#A000E0,#FF60FF
easterisland,#f6f6bf,#e6d1d1,#868691,#794765,#f5e17a,#edc38d,#cc8d86,#ca657e,#39d4b9,#8dbcd2,#8184ab,#686086,#9dc085,#7ea788,#567864,#051625
coppertech,#000000,#262144,#355278,#60748a,#898989,#5aa8b2,#91d9f3,#ffffff,#f4cd72,#bfb588,#c58843,#9e5b47,#5f4351,#dc392d,#6ea92c,#1651dd
night16,#0f0f1e,#fff8bc,#0c2133,#48586d,#79a0b0,#b0ce9d,#657f49,#3f4536,#b99d6a,#ffdd91,#dd945b,#9a5142,#644b48,#333033,#767088,#c5a3b3
fun16,#080008,#5e6660,#2a3443,#5d4632,#44508c,#a6414d,#c86b36,#8375af,#52903c,#db7ebd,#5b99f4,#deac85,#94cc4e,#84dbfc,#f2de70,#fcfffe
cm16,#e7ebf8,#adb1e0,#b06bb5,#6d2ea4,#aae474,#14ada0,#597acd,#7dc9de,#fff7a7,#ffbe6c,#ff6773,#bb027a,#f8c8af,#a17374,#2e5b86,#0c2a47
grungeshift,#000000,#242424,#240024,#482400,#6c2424,#b42400,#d8b490,#b49000,#6c6c00,#484800,#00fcd8,#4890fc,#486c90,#244890,#9048b4,#d86cb4
riscos,#ffffff,#dcdcdc,#b9b9b9,#979797,#767676,#555555,#363636,#000000,#004597,#eded04,#05ca00,#dc0000,#ededb9,#558600,#ffb900,#04b9ff
flyguy16,#271620,#242d42,#326b3c,#64b450,#eeea44,#f0e9db,#a93630,#3f3025,#533c60,#24495e,#379589,#a4e8df,#eeb691,#db8333,#785136,#566969
andrewkensler16,#000000,#ffffff,#c98f4c,#6e4e23,#e80200,#efe305,#6a8927,#195648,#16ed75,#32c1c3,#057fc1,#3f32ae,#baaaff,#ff949d,#e30ec2,#7a243d
naji16,#101a3a,#3d0e26,#64113d,#482e69,#3f425a,#6a3465,#74434a,#595579,#b73e62,#8d6d9c,#64967c,#c0719f,#c8926c,#dca286,#f2c966,#e6d1d5
cdbac,#000000,#da835c,#7f3710,#c4c466,#f4fb4a,#c7f0dc,#77e28e,#31983f,#37368d,#8e64e3,#d697ff,#f5cee6,#fdf5f9,#ce3f50,#5d0929,#301421
thomsonm05,#000000,#bbbbbb,#ff0000,#dd7777,#eebb00,#ffff00,#dddd77,#00ff00,#77dd77,#00ffff,#bbffff,#ffffff,#ff00ff,#dd77ee,#0000ff,#7777dd
crimso11,#ffffe3,#f3d762,#bf9651,#769a55,#cb5e31,#8e393d,#7a4962,#5e4531,#8ec3cf,#867696,#456e51,#3d6286,#353d5a,#232e32,#41292d,#110b11
thug16,#504050,#a04040,#d06060,#f08080,#ffc0c0,#b0d0e0,#70b0c0,#4080b0,#000030,#102040,#204040,#306050,#409060,#50c060,#50ff90,#f0f0d0
chip16,#d64b61,#3a2333,#000014,#538cc1,#70c6e5,#063e4c,#637272,#8e3737,#598e33,#7cb649,#565349,#eac879,#c4854e,#6f1a71,#e5e5e5,#d8a2a2
super1716,#240909,#28171a,#371a2e,#342b41,#57333f,#323764,#2a5a51,#334591,#834848,#d73860,#507952,#265ace,#947a6c,#c3b570,#df8ac7,#eaf4b7
master16,#141414,#3b312f,#6e655f,#969590,#ebe8da,#f57d7d,#a11a2c,#4a1628,#612a2a,#c96540,#d4be42,#f0c295,#276647,#66bf3d,#2b3061,#4582cc
optimum,#000000,#575757,#a0a0a0,#ffffff,#2a4bd7,#1d6914,#814a19,#8126c0,#9dafff,#81c57a,#e9debb,#ad2323,#29d0d0,#ffee33,#ff9233,#ffcdf3
pavanz16,#200037,#ffeedc,#65253f,#333e55,#b42f4b,#845a75,#406b81,#8f693d,#2b7d5f,#888da3,#c78f86,#d89763,#a1b25c,#a2ccc9,#e1cbc7,#efd497
drazile16,#d1a649,#dd7252,#c64b3b,#754653,#9b7269,#bc8dad,#ccb4a1,#cad86c,#abbabc,#6fbc6f,#4f737c,#303a35,#5c3a96,#8a878e,#6f96d6,#e2e2c7
